-- phpMyAdmin SQL Dump
-- version 5.2.0
-- https://www.phpmyadmin.net/
--
-- Servidor: 127.0.0.1
-- Tiempo de generación: 21-11-2023 a las 22:51:29
-- Versión del servidor: 10.4.25-MariaDB
-- Versión de PHP: 7.4.30

SET SQL_MODE = "NO_AUTO_VALUE_ON_ZERO";
START TRANSACTION;
SET time_zone = "+00:00";


/*!40101 SET @OLD_CHARACTER_SET_CLIENT=@@CHARACTER_SET_CLIENT */;
/*!40101 SET @OLD_CHARACTER_SET_RESULTS=@@CHARACTER_SET_RESULTS */;
/*!40101 SET @OLD_COLLATION_CONNECTION=@@COLLATION_CONNECTION */;
/*!40101 SET NAMES utf8mb4 */;

--
-- Base de datos: `pacioli`
--

-- --------------------------------------------------------

--
-- Estructura de tabla para la tabla `citas`
--

CREATE TABLE `citas` (
  `id_cita` int(11) NOT NULL,
  `fecha` date NOT NULL,
  `hora` time NOT NULL,
  `responsable` int(11) NOT NULL,
  `oficina` int(11) NOT NULL,
  `usuario` int(11) NOT NULL,
  `descripcion` varchar(200) NOT NULL
) ENGINE=InnoDB DEFAULT CHARSET=utf8mb4;

--
-- Volcado de datos para la tabla `citas`
--

INSERT INTO `citas` (`id_cita`, `fecha`, `hora`, `responsable`, `oficina`, `usuario`, `descripcion`) VALUES
(1, '2023-11-17', '25:29:24', 1, 1, 10, 'fhgfgh'),
(2, '2023-11-21', '10:30:00', 1, 1, 12, ''),
(3, '2023-11-22', '14:45:30', 1, 2, 5, ''),
(4, '2023-11-23', '16:00:15', 1, 2, 14, ''),
(5, '2023-11-24', '11:20:00', 1, 1, 14, ''),
(6, '2023-11-25', '09:45:22', 1, 2, 8, ''),
(7, '2023-11-26', '13:10:30', 1, 2, 5, ''),
(8, '2023-11-27', '15:55:00', 1, 1, 15, ''),
(9, '2023-11-28', '08:30:45', 1, 1, 7, ''),
(10, '2023-11-16', '15:37:53', 1, 2, 14, ''),
(12, '2023-11-30', '15:59:00', 1, 2, 3, ''),
(35, '2023-11-20', '21:46:00', 1, 2, 3, ''),
(36, '2023-11-30', '21:46:00', 1, 2, 3, ''),
(37, '2023-11-15', '09:49:00', 1, 1, 3, '');

-- --------------------------------------------------------

--
-- Estructura de tabla para la tabla `contador`
--

CREATE TABLE `contador` (
  `id_contador` int(11) NOT NULL,
  `id_usuario` int(11) NOT NULL
) ENGINE=InnoDB DEFAULT CHARSET=utf8mb4;

--
-- Volcado de datos para la tabla `contador`
--

INSERT INTO `contador` (`id_contador`, `id_usuario`) VALUES
(1, 1),
(3, 3),
(2, 8);

-- --------------------------------------------------------

--
-- Estructura de tabla para la tabla `empresa`
--

CREATE TABLE `empresa` (
  `id_empresa` int(11) NOT NULL,
  `id_usuario` int(11) NOT NULL
) ENGINE=InnoDB DEFAULT CHARSET=utf8mb4;

--
-- Volcado de datos para la tabla `empresa`
--

INSERT INTO `empresa` (`id_empresa`, `id_usuario`) VALUES
(1, 24),
(2, 25);

-- --------------------------------------------------------

--
-- Estructura de tabla para la tabla `mensajes`
--

CREATE TABLE `mensajes` (
  `id_mensaje` int(11) NOT NULL,
  `id_usuario` int(11) DEFAULT NULL,
  `mensaje` text DEFAULT NULL
) ENGINE=InnoDB DEFAULT CHARSET=utf8mb4;

--
-- Volcado de datos para la tabla `mensajes`
--

INSERT INTO `mensajes` (`id_mensaje`, `id_usuario`, `mensaje`) VALUES
(1, 2, 'Hola');

-- --------------------------------------------------------

--
-- Estructura de tabla para la tabla `oficinas`
--

CREATE TABLE `oficinas` (
  `id_oficina` int(11) NOT NULL,
  `numero` int(11) NOT NULL
) ENGINE=InnoDB DEFAULT CHARSET=utf8mb4;

--
-- Volcado de datos para la tabla `oficinas`
--

INSERT INTO `oficinas` (`id_oficina`, `numero`) VALUES
(1, 1),
(2, 2),
(3, 0);

-- --------------------------------------------------------

--
-- Estructura de tabla para la tabla `reuniones`
--

CREATE TABLE `reuniones` (
  `id_reunion` int(11) NOT NULL,
  `id_empresa` int(11) NOT NULL,
  `fecha` date NOT NULL,
  `hora` time NOT NULL,
  `descripcion` varchar(200) NOT NULL,
  `id_contador` int(11) NOT NULL
) ENGINE=InnoDB DEFAULT CHARSET=utf8mb4;

--
-- Volcado de datos para la tabla `reuniones`
--

INSERT INTO `reuniones` (`id_reunion`, `id_empresa`, `fecha`, `hora`, `descripcion`, `id_contador`) VALUES
(1, 1, '2023-11-23', '21:38:21', 'Primer informa', 2),
(2, 1, '2023-11-21', '15:25:00', 'hj,nm', 1);

-- --------------------------------------------------------

--
-- Estructura de tabla para la tabla `sugerencias`
--

CREATE TABLE `sugerencias` (
  `id_sugerencias` int(11) NOT NULL,
  `id_usuarios` int(11) NOT NULL,
  `sugerencia` varchar(300) NOT NULL
) ENGINE=InnoDB DEFAULT CHARSET=utf8mb4;

--
-- Volcado de datos para la tabla `sugerencias`
--

INSERT INTO `sugerencias` (`id_sugerencias`, `id_usuarios`, `sugerencia`) VALUES
(1, 1, 'Exelente trabajo'),
(2, 18, 'Trabajo muy efectivo'),
(4, 2, 'yjhjhj');

-- --------------------------------------------------------

--
-- Estructura de tabla para la tabla `usuarios`
--

CREATE TABLE `usuarios` (
  `id_usuario` int(11) NOT NULL,
  `nombre` varchar(200) NOT NULL,
  `password` varchar(200) NOT NULL,
  `correo` varchar(200) NOT NULL,
  `portada` blob NOT NULL,
  `apellidoAp` varchar(20) NOT NULL,
  `apellidoAm` varchar(20) NOT NULL,
  `direccion` text NOT NULL,
  `celular` varchar(10) NOT NULL,
  `telefono` varchar(10) NOT NULL
) ENGINE=InnoDB DEFAULT CHARSET=utf8mb4;

--
-- Volcado de datos para la tabla `usuarios`
--

INSERT INTO `usuarios` (`id_usuario`, `nombre`, `password`, `correo`, `portada`, `apellidoAp`, `apellidoAm`, `direccion`, `celular`, `telefono`) VALUES
(1, 'Luis Angel', 'root', 'luisXicotencatl@gmail.com', 0xffd8ffe000104a46494600010101004800480000ffdb0043000302020302020303030304030304050805050404050a070706080c0a0c0c0b0a0b0b0d0e12100d0e110e0b0b1016101113141515150c0f171816141812141514ffdb00430103040405040509050509140d0b0d1414141414141414141414141414141414141414141414141414141414141414141414141414141414141414141414141414ffc0001108015301f903012200021101031101ffc4001f0000010501010101010100000000000000000102030405060708090a0bffc400b5100002010303020403050504040000017d01020300041105122131410613516107227114328191a1082342b1c11552d1f02433627282090a161718191a25262728292a3435363738393a434445464748494a535455565758595a636465666768696a737475767778797a838485868788898a92939495969798999aa2a3a4a5a6a7a8a9aab2b3b4b5b6b7b8b9bac2c3c4c5c6c7c8c9cad2d3d4d5d6d7d8d9dae1e2e3e4e5e6e7e8e9eaf1f2f3f4f5f6f7f8f9faffc4001f0100030101010101010101010000000000000102030405060708090a0bffc400b51100020102040403040705040400010277000102031104052131061241510761711322328108144291a1b1c109233352f0156272d10a162434e125f11718191a262728292a35363738393a434445464748494a535455565758595a636465666768696a737475767778797a82838485868788898a92939495969798999aa2a3a4a5a6a7a8a9aab2b3b4b5b6b7b8b9bac2c3c4c5c6c7c8c9cad2d3d4d5d6d7d8d9dae2e3e4e5e6e7e8e9eaf2f3f4f5f6f7f8f9faffda000c03010002110311003f00e968a28ad4fdec28a28a0028a28a0028a28a0028a28a0028a28a0028a28a0028a28a0028c8f519c13d7b0eb47f0e4f03debc6bf680f889a869bfd9de0af0ba1b8f15ebd2adb431c6b968d5c819e3a673fcfd0d2671e2b154f0b49ce633c7bf1c6fe5f1245e0ef879a449e28f164e7023b75f3047ce08f418f7aefbc25ff04f9fda1be2cc29a878d3e205af82209be68ecad374b3a03c8dcabb40ff00beb35f5efec63fb1ee8ffb36f81e1b8bb8e2d43c6da846b36a3a938dccb210094424670093cf15f4b2c7f803d5454b3f28c5e695f1536d4ac8fccebaff008250fc48d36d9ee348f8e9753ea0bcc4b716f2c5193fed11231fd2bccbc59f0aff0069bfd9de4926d7b438bc79e1e87992fb4a7f34851d49c80e323dabf5fcc802e71c0efdab94f883f133c27f0c7449753f176bd61a2e9ea0ee96f65540c3d00fe2f4a4b439a963b1145de326cfcb6f86df1efc33f11ae0d8a79da56b0876b69f7aa52556ee3df1efcfb57a57dd049e31d7fc6bcbbf6c8f137c27fda33c49637df02b48d675cf89c9703ccbcd034e74b66507aca78c1ff6b1835b5e04fd837f691f8bba7da7fc26fe2ab3f04e8fb141855ccd76e30392a8319fab534d9f5d85e2451a76acaecd6d7be21f86bc32ac753d6aced0aff0c928c9fa0af37d7bf6baf0169194b5b9bad56707016d612413e993815f58f807fe092bf0a7c3f225cf8a2fb55f18de6017377318a366ee4aaf3c9f7afa3bc05fb2bfc28f86ab19f0f780f45b19a300098db091c63bee7c9cfe34eece4adc495a5754d58fca9b7fda17c6be2a9037853e166bda9c4ff72692093073d08c2918fc6b6e28ff006a1d6955acfe0edd5bc6c032bcb6fd41e8796fe95fb0f0e9f05ac6522862897fba88140fcaacaa61477a5767913ce3173d79ac7e425afc20fdb0f5a40d0f812c6cd18647da26850fe45f22b4f4ff00d93ff6c4f10cbb2ebfb0f408cf4925bb8c81ff007c0635fad0c8186303f1e6942617038fa7145d9ccf31c53fb6cfcb0ff87797ed4d7003bfc4ef0cc6cc33b44f3f1edfea2abdf7ec31fb59787a1df67e34f0debae3fe594772e1bff1f8947eb5fab149b7bff5a57667f5ec45efcecfc70f137ecaff00b676a3843a65baaaf1bacf50b75ddeff007aa9e97fb16fed916512dd4223576e4c326ab096fc4138afd9bdbfe7149b4fff005a8b83c7625bbf3b3f201be057ed91e19b517171e14b3d5d54731a5d5bcae7f00fd6b9fd43c6bf1e7c13f3f89fe0dea4117ef3dbdbb03efcaeeafda00985c76a8fca5e73f30ff6b9a77674c735c5c3ed5cfc5dd23f6bef0f7db3ec5e24d2754f0ddde70cb7503615bb839e783ed5eafe1bf889e1af174292693ac5addeee881f0df91afd0af88df00fc0bf14ac6683c45e18d2f546933fbcb8b652c33fed0c1af8d7e287fc12afc13757935f783f53d4bc177b9dd19b4732420fd18e40f6068bb3d7c3f11d6a7a55573136f2795000ceecf14d186e878c673dabcabc47fb35fed2df05d8cba35d5afc42d162fbab09265da3a65580e71ee6b9cd1ff6999744d5068df113c397de13d537ec2f3c44459ce0f5ed9f4e2a91f5586cf70b5ed1968cf78a5ee067b66a8e8fae69fe20b25bcd36f21bcb56fbb244e08e6b17e20fc42d23e1af876e355d5a511aa022385186e9a4eca07f9155a1ee3ad4e31e76f43a6670b1976f95579258600fc4f15cbeb1f14bc25a0c9e5dfebf636f27f74cc09fd2b83f86ff0004be367ed94ffda71093c11e0176e2770cb25cc7d8a2ff001718e7815f4cf827fe0957f0bf43b646d62cb52f125c951ba6bab9312b1c72db46719f4acf9bb1f1b8ae248d39b8d18dcf23d27e28784f5c2058f8874fb8627015675c93e9d6ba68a459903a1dc87a32f23f315d978d3fe0967f09f508a47b0b4d5bc3d29cec92d2ecba21f5c30af993e2efc14f88ff00b174d6dad59eb5278c3e1eb482391a656f36d573fc63a0e3a60d352ee3c2f1246a4946ac6d73dae8acdf0df882d3c51e1fb2d62c9c1b5bb884c9ed9038faf35a7567dac64a71528ecc4a28a291614514500145145001451450014514500145145001451450014514500145145001451450014514500145145001451450014514500145145001451450041a85d269f63737731c242a6439e980b9ac8ff8267fc384f8d9f183c63f1875d0b74ba3cc6c34986519f299b27781d385c8ebfc46a0f89931b7f87fe21901e56c9d813f4c57afff00c1239acb41fd96f55d52ea686d613ab4f24f34ac1422a81cb13d060d4c8f82e26ad28ca34d6c7de2169d5c4fc37f8d1e0bf8b69a9378435eb6d7a2d36516f732da92511fd33dfa576f507c09e45fb4749f1524f06c367f0923b05f10dddcac12df6a2e0476709fbd20523e623d2bc93c2bff0004f3f0ceb5a9db788fe2e6bda9fc54f140db248faacecb648f8cb0481485db9ce0366beb3f28eecf1d73c7ad48bf7450073de13f87fe1df02e9e963a0689a7e8f689f762b2b64897dbee8ade58f6f1d3d715251400ddb4b83da968a60336b53a968a42b5828a28a06145145001451450014dda79a751400ddb4d68c4808650cbef5251401cfea7e1782e373c2ab149ed9c1af27f8b1f04fc31f13b439f45f18e876faa5b48311cd246bbe33eaad8fe99f7af77e6aadfe9b16a3098e55c8eded4ee07e4dfc53fd887c7dfb3fdddc789fe10ea736bfa1c6e5ee741b96fde221c938cf0401df39e2b9afd92fe15ea7fb6ff00c6a4d77c556bf63f05785550cd6a0fcb2dc06cf963b302d9cfb7ad7e997c61f03ebfa87807c45a77873636a975632c168cedb4798cb8009eb8fc2b97fd88bf67593f667f817a6f87b501137886f09bcd49e362c3ce603e4ce06428e283afeb55b93d9f3687bde9ba4dbe8fa7dbd959411dadadba2c71c30a854550300003a00055c543b46704fd2923903a8c1e7a53e91c84535b25c4663914321ed5e21fb447c3487c65f0cbc55e1d922f36df50b197646c72a240bf21fe55eeb5c878d245924861f660df4239ff00d04d31799f911fb1eeb525dfc3fd4345ba6669749bc684eeedc9e057bc9e0e2be77fd985638fc75f13e3b66ff435d5e5f2ff00efe357d0ff00ad5a3f62c9e6e5838dc28a28a67b414514500145145001451450014514500145145001451450014514500145145001451450014514500145145001451450014514500145145020a5f419f98ff0f7fad21f95493c0ac3f1a78c74cf03787eeb55d52e238ad624661b8e0c8c3a2afad333a95234e3cf27a238efda4bc491786be10eb8d2bf973dd27d9a203ab13dbf2ae3bf635f833f18ff00691f8676de02b7d4a7f08fc2186ea4bdbdbe8d591efd9b831a9032df8902bb1fd99ff669f11fedc1e315f1af8d525d1fe1969d3e6cb4fda47db8839c0f6f56f7e3dff597c33e17d2fc21a259691a358c1a6e9b69188a1b6b64d88aa0600c7d0564ddcfca339c7471b5f9a3b2392f825f02fc27f003c176fe1af08e9c963648034b27fcb49e40002ee7b93d7f1af42a07414b48f0028a28a0028a28a0028a28a0028a28a0028a28a0028a28a0028a28a0028a28a0028a28a0028a28a0066d24f3c8f5aad796ad3185831558c925477ab949ce7da8032ac19c5c32b0c16563ec3e6ad6a8da2e49500363152500359c2824f41d6bc0bf697f8a36ff000dfe18f8bfc4f3ceb0c763672240c48cb4cca5502faf5af60f146a82c2d4c48c04920666c9030a3a939afca1fdb63e372fed05f17344f83de18be49f42b1ba0fa94f1b80934a3a8ce790391f5a68d29c1d49a82ea739fb22f87e6b2f87f77addec7b2eb58bb7ba663d59739cfe39af72e0703a76aa3a36916da0e8f63a7daaecb5b68d628ba630001ce3bf157bea307d2b4b1fb460a97d5e846905145141de14514500145145001451450014514500145145001451450014514500145145001451450014514500145145001451450014514500145147703b938a626ec50f106b769e19d22e354d425105a5b217766e9d322bce3f670f807adfeddbf109fc4be226974df863a3cd88a0e47db595880a074edf373ebef9e2be356a5ab7c61f895e1ef841e180cf26a1322df34793b417c92719e807e9ef5fb09f083e17691f077e1ce85e12d1208e1b1d36d63872ab83238037c8deec727f1acd9f9c67b994a553d8537a237bc37e18d3bc27a1d9e8fa4d941a769b6712c105bdbae111140000fc00ad65ced19183452d49f18145145001451450014514500145145001451450014514500145145001451450014514500145145001451450014514500145145007c61fb5b78a3e277c42f105cfc35f861a44b6325d009ac78a2f17cb82d2dcf0446c792d8f41f8d7cdff001b3fe09e96bf0cbe0dd9f88bc0779757de3af0e96bebcbb6625f505ce5f8e7a73fe739fd4bd63438b548c642ac8390d8cfe7eb5c45ed835b4af6f3a070372007ee95230c0fa8341519383e65d0fcdaf823f142dfe29f8352f0a2c3a8c2be4dd45d0ac83f8b1dabd0febc9af1bfda5be1ddcfec95f1f21f17689014f02f89e426e6340764133312c08c60724e39e95eb7a7dfdbea96305dda4a27b79e31246ebcee53dead3b9face4f8f8e2e9a849fbc8b14529e09149547bfea145145030a28a2800a28a2800a28a2800a28a2800a28a2800a28a2800a28a2800a28a2800a28a2800a28a2800a28a2800a28a2813db40ae77e20f8c2dfc0be0fd4b59b860bf66899933d4b74503f1ae8ff880ee6bc17e206977ff00b437c73f08fc25d1f325a35c2cda9b2e4048c125b7100f4193f5c526ec7999a6256130eddf567d25ff0004b7fd9fe5b8b3d4fe37789a2dfadebcf22e9eb2024c509392fc8e32318c76afd145ced19eb58de11f0b587827c33a5e83a5c0b6fa769d6f1dac11a8c6111428fc702b6474a83f1b949ce4e4fa8b4514522028a28a0028a28a0028a28a0028a28a0028a28a0028a28a0028a28a0028a28a0028a28a0028a28a0028a28a0028a28a0028a28a002b275ed2d751b66c00b22f20fae2b5a9b8ce73401f3cfc6ef847a5fc6cf86dae78435489596f6261036016866519565f4e6bf37bf679f106a9e0ed6b5ff85fe26dd06ada15c30b732f59230c570b9ea3818f635fae1e27d33ec779e6a2fc927207401abf393fe0a2df0c6e3c07e36f0c7c6ad0e164f2e64b3d5bca1c041c293ebc7527bb5347ab96e29e16bc5df43a61d28acef0f6bb6fe25d0ec754b5904d05dc2b32b2fb8071fad697eb5a9fb1539aa91538f5128a28a4681451450014514500145145001451450014514500145145001451450014514500145145001451450014514500145145311cff008fbc530f82fc1faaeb5336059c0ce3fdec6001ef5e8dff0004a9f8333ffc239e21f8c5aec7e66b5e2599a3b532e498e00c4e464701b23a76af977f696bcbbf186b5e0ef871a706375af6a112ca8bdd378009c73ea4f1d2bf613e1c781ec7e1bf81742f0ce9912c565a5d9c36b18518c8440b93ee7159c8fccb88714eb56f649e88e936d2d2d1527c905145140051451400514514005145140051451400514514005145140051451400514514005145140051451400514514005145140051451400514514014358b317d632a10370195af0ef8c1f0e6d7e2b7c35f10f84ef9018b52b76897233b6400ec23f1fe42bdf8ae411d8d701af597d8f509a31cc4e4b28f73cff003a0a8ee7e4d7ecc3aa5ff875bc47f0eb5d1241ac7872f5e211483076862a71ed91fa8af781d05739fb60fc3fb8f867fb4d7853e22e9e8c9a3f893fe255a932f004d8f958f6e739cf5e2ba253c0c73569dcfd5321c4aad85e596e85a29692a8fa50a28a2800a28a2800a28a2800a28a2800a28a2800a28a2800a28a2800a28a2800a28a2800a28a2800a28a2800a19820cb7031927d0515c47c68f187fc20bf0cf5bd577859c42d1c39eecdf28c7eb41cf5ea2a54dd47d077ec47e0dff85f1fb676b7e369905c681e0f84c76ccfd1a63955c763cee3d7d2bf58bad7c75ff04bdf84d27c3cfd9a6c359bd81a2d4fc492b6a2cce30c6127f779fc327f115f628acd9f8a622abad5a5262d14d2db680c1ba723d45239c7514c1206ff000a76e1f4a005a28a2800a28a2800a28a2800a28a2800a28a2800a28a2800a28a2800a28a2800a28a2800a28a2800a28a2800a28a2800a28a2800a28a2800ae73c5b6265b713aae4a9e7d715d1d57bc8d66b69a36e7729a07b6a7c47ff050af065d78abf66bd5aeb4f327db745b98b57856319398ce0fe99af04f83fe3a4f88df0ff47d5d5879b22f973e3f85c0f9b3f8e6bf403c4de1fb7d7f44d5747bc1bed6ea092d644233f2b291fcebf2b7e05d9dd7c23f8a7e39f85baa3796d637523d967a3c61ced65cf505707a5523e9f87f13ec311ece5b33e83041008e07bd14ac72493d692b43f515aea14514522828a28a0028a28a0028a28a0028a28a0028a28a0028a28a0028a28a0028a28a0028a28a0028a28a04c51ce4d782fc62b1baf8c1f1a3e1efc2bb16cadf5f472dd2f38d99c9ce3b6d0df8d7bbc8c23899890a002493d873cd607fc138bc2ebf163f6a4f1ffc47bc8fceb4d057ec3a7b38fbacc4a823b70aa4f5ead52cf96e21c52a34391753f4e7c3fa15bf86f43b0d2ac63586cec608eda145e36c6aa001fa56aafdd14d5fba29d527e5db95354b6b9b9b0b88ecee45a5d321114ec9bc46dd8ed3d6be5ef1c699fb59f84eea5bbf0d6bbe0df1ae9ca4edb1bdb26b3b8233c0c8c8271df22beacdc338fce9980dfe726901f0dcdfb5dfed19f0f6dde4f1afecfad7d6302b49717ba35ffc88aa32c7073d81aafe0fff0082c17c1dd667fb3ebda76bfe169940dc6e2dd25453dc651893f957d69f1ba4923f83fe32f25b12ff0064dd6dedd63615fccecd24ad3173b831fe23904fbd007f43de11fdbd7e0478cd61165f1134c8669402b15e3185b9ec770c03f5af6fd0fc43a6f89b4e8aff0049beb7d4aca4fb9716b2ac887fe040e2bf2b3fe0971f0a7e19fc5ef84fe2ad3fc7de1ad1756ba8752516d25f22acaeac9d01ce4f3e95fa65f0c7e11f857e0df86c683e0fd262d1b490e6516f13311b8f53c93f95007634b494b40051451400514514005795fc64fda73e1dfc036b44f1b6b874992eb3e520b7794b63fdd0715ea9595ac785f49f106dfed3d32cf50dbf77ed50249b7e991401f378ff0082997ecf8467fe1337ff00c019bff89a747ff052ff00d9f24273e3468c763258cca0fd3e5e6bde07c2ff00061ff9953452475c5845ff00c4d7e707fc1653c2fa37877c1be013a4e8f65a699afe55965b5b748f2a2304741d33401f4fff00c3cf3f6770fb7fe1367cfafd826c7fe835753fe0a4dfb3eba861e3850ac4004da4c01cff00c07b57f3f796e06dfd457ee2ff00c134bc01e13f16fec95e15bfd57c39a5ea37e935d46f7175648ce76c8428cb0e78ef401e8b6bff00051cfd9fef2758a3f1dc3b9ba136d2e3ff0041aef3c0ff00b597c26f88faac7a67877c6b61a96a121c2dbc61f767d395c0fc6ba65f837e0185832f83f4146ec7fb3e21fd2b734ff0be8da395363a559d9ed5f97ecd6e8b81e8302803654ee507d69691780052d00145145001451450014514500145145001451450014d2b9a751401c0f88ad05beb1263a4833f8d7e697fc1417c2f2fc31f8ffe02f89d66be5dbea98b0be2838dcbc0cfd549fcabf513c616659629d47dde0d7c91ff000500f87a3e207ecc9e2231c3e6dee8e5753b6603e65f2ce5c0fa8fe6699bd09fb3a919f63cb2de64ba8d248c865755618f42335274e2bceff67ff157fc25df09f44bc2dba68adcc1231fbc5930b9fd2bd131b78ad0fdb30f5556a3192128a28a0e80a28a2800a28a2800a28a2800a28a2800a28a2800a28a2800a28a2800a28a2800a28a2800a28a29874393f8b1af3f867e1cebfa8a821e2b470a7fdef947ea6be88ff8252f804f85ff0065fb5d6e68b65d7886f66bc66618628ac5509f63827e8457c65fb55eb934de1bd1bc256796bbf105ec76c02ff777ff00f158afd70f84fe07b6f873f0c7c2de18b28d62b7d2b4d82d028ee563009fa93cd6723f34e23aeaa5754e3b23acda78ec29d4b4549f1e71ff0014b56f14e89e09d4eefc17a341aef88e343f65b1ba9fca8dd89ea58d7ca70f84bf6cdf8a4dbb52f15f85fe17d8b9cf976717daee514f6e1769c7fbd5f6d6dce476a6ac7b785c01f4a00f8aef3fe09f3e34f19296f1afed0be34d599f8962b22b6d0c808f986c19c03e955345ff008244fc0ed3d83de0d67527fe233de9193dcf4afb80381f2e3a707dabc33e3cfed8df0efe022a596aba849ab7896e0edb5f0fe92be7ddcedd86070a33ea4500721e1fff00826ffc0ff0aeada56a7a5e85796377a7cc93c4d1ea12aab3af42c01c1afa817cbb6b7504848d140e4f000af872dbe2c7ed63f1e1dbfe10df04695f0bb4294ee4d4bc46fbe728790c2300f38c715a2ffb0afc4df887224ff12fe3ff0088750ddcbd8e8318b28467aa820e703b71401f5c6a7e3ef0d68aa5aff5fd36cd475f3ae9171f99acfb4f8c1e07be3883c5da2c87dafe2ffe2abe6ed3bfe096df05e3904baac7af788263cbb6a5ab4ae19bb9233dcd742bff0004d9fd9f922d8be0755e3965bd9c13ff008fd007d1ba7f89349d5b06cb53b3bc07a1b79d5f3f91ad0f307bfe55f1c6afff0004baf8642e9aefc31ae78a7c1f7b9263934dd5a5c47e80062781f5aeafe0a7eceff17be0cf8e2d124f8bd378cfc05b585c586bd6fbef07f7764b939e319248a00fa7473cd2d22f0a07f5cd2d00145145007957c6cf833ad7c59b48adb4df887aff00826103120d11d51a4fc48af98fc59ff04a9d3fe20471c5e29f8bde35f10c3092d0c7a8dc4730427a9195afbc68a00fcee8ff00e08b9f0d44786f176be5fb91e501ff00a0d753a0ff00c12ed3c23a7a58787be35f8f742b08c1f2ed2c6f5638d0939240502bee8a2803e298ff00607f887a2fef341fda47c716f3a9ca9be945cafe209afa0be02fc3df1ffc3ef0fdce9fe3df1f7fc27f7265dd6f78f64b6f222ff75b04ee3efdebd528a0041c002968a2800a28a2800a28a2800a28a2800a28a2800a28a2800a28a280296ad6e2e6c264233f2922bca7c51a1c3e22f0dea9a45c26e82f2d1eda4c8e0ee5618fcf15ec2cbb9483d08c579deaf6c6d7529a3ce0024a8edd739fce9a133f24bf64e33f872e3c6de0dbb0d1cfa26a4f1f94dd55439523eb915f42e73cd78ff8e34d1f0dff006faf16d90cc567e22896f95718dcf26d663ff7d07af5f5055403d71568fd6722aded308976168a28a67d105145140c28a28a0028a28a0028a28a0028a28a0028a28a0028a28a0028a28a0028a28a0028a2947248efd6825b5157678ee91a30f891fb78fc30f0fca164b4d3dc5d4919e98553213f5f947e35fb1ca36802bf29bf611d17fe13afdbcfc61e2111896d3c3fa6491876ea2462b18c76fef57ead566cfc67329fb4c4ce414514523cc0a82eaf20b1b696e2e255820894b3c92101540ea49f4a2eafa0b3b79a79e45860854bbc8e70aaa0649fa0af843e26fc48f167edc1f116f7e197c35bc9b48f867a74fe4f887c550e54dd60e1e0848ea3208cf1401adf15bf6a2f1a7c7ef1c5efc2ff008010874818c1ac78d6504db59738758c8cee61cd7a9fc05fd8dbc09fb3fa4de21bf65f11f8be6ccb7fe26d64ee959cf2c41638419c9e2aaf8efc4df0e3fe09f7f004c9a5e9d15adbdaa88ed6cd3026bd9f6e32c490589ea4e6bf1f7f684fdbcbe28fed0b75345a9eb33693a1166f2f49d3643144173c062397206064f5f4a00fdb5f177ed71f073c0721875af885a25a48a4a9449c49c8e31f2e6b013f6fbf8025571f1274ac11c7dfff00e26bf9df6b86918b3b3393dd8e4feb4cde727fc2803fa4ef08fed59f08fc7570b0687e3ed16f676e91fda4213ff7d62bd46d6fa0be8126b79a39a2719578dc329fc4715fcb3437b25bb2b42ed13af21e33b48fcabdbfe0b7edabf15be065f432683e28bc9ec508dfa7df399a0703b6d3d3f03401fd17ee0064f029d5f2bfec43fb6e693fb577866682ead9349f17582017562a46c9063efc6339c7d6bea75e83bd002d14514005145140051451400514514005145140051451400514514005145140051451400514514005145140051451400571be30b531ddc73e386e38aecab9ef191c69e871cef02803f2ff00fe0a2da39f07fc7af857e388c6d8ae0fd8a6907a87e87fe025abb18e4f3230dd32a1bf315d8ffc14bfc143c4bfb375d6a902a9bcf0edfc77d13f754380fd07d6bc9be14f8897c5bf0fbc3fa997ded35aa163fed05008fceae27df70cd65674d9d55140ce067ad1547de851451400514514005145140051451400514514005145140051451400514514005145140056578ab584d07c3fa8ea2edb52da06909fa03c7d735ab5e41fb54788bfb0fe10ea3046db66bf916040bd4926933871b53d9509499f427fc1213c1b2afc39f19f8faf23ff004af10ea8638e53d4c7192587fdf6c7f2afd085fba2bc47f632f876bf0bff00665f00687e57977034d8eeae17b79d2a891ff56af6d5fba31d2a0fc56727393931d4dddc918ef834eaf30fda3fe2f59fc0df83be23f17ddb957b3b765b645c169276f9500048c9c9ce3d8d220f9dff006c5f8ade21f89df1034cfd9efe1bdc491eafab6d93c43a9dbffcc3ac89f994b0ce19876c57d33f057e0c787be047c3ed33c25e1ab6105959c415a53cbccf81b9d8f724f3f8d7867ec0ff0005effc2be03bef88be2f8da5f1ff008e643aa5fdc4b92f144e77a443232301b18ed8afac05007e507fc16ab4bd71b5af016a06473e1e10cd06cc9d8b39390cdc75c715f9704658fe75fd24fed3dfb3ce8dfb4a7c2dbff0a6ac7c976fdedadd01f343281c11ed9eb5f867f1f7f628f8a1f00b5aba8b56f0fcf7da5233795aad82b4d0c899386240041239c11401e03454b35b496f214917630ecdd7f2a67967dbf3a004db46da76d2303bd6f7857c03e21f1c6ab6fa6e83a3ddeab7d3b6d8e1b688b13f8f4a00fa7bfe097baaea3a7fed6de168ac1e511dcc32c576a9d0c606727e9c57ef40e82be00ff8267fec47aafc0cd3eefc6fe35b1169e2cbe8fcab5b390e5ade22a33bb8e09e9c67a57dfeb8da31d31c5002d14514005145140051451400514514005145140051451400514514005145140051451400514514005145140051451400561f8b2332696cdfdc706b72b3b5d8fcdd2e71ed9a00f0df8c9e0f5f1e7c29f15e8263131bed3a6876f5f9f0594fe95f9b7fb1eeb12cdf0eeef489f227d2ef648f6b75527b1fc735faacaaaf8571956183ce3ae41fd0d7e587c3bd247c39fda6fe2e783f6182dc6a524f6b1b7fcf32db94fe2aeb4d1f4391d5f658a4bb9ee59cf34519cf3456a7eb6edd028a28a420a28a2800a28a2800a28a2800a28a2800a28a2800a28a2800a28a2800a28a28105780fed0767278cfe277c2ef06c247fc4c3568da44ff0064c8abcfe1babdfabc8bc2fa68f17ffc140fe1769f9ca5895b871eca1dff00a0a991f3d9ed4e5c1cbccfd80b1b34d3ecedada21b6286258d171d00000fe556946140a68e8334ea93f2616be1bfdb59e5f8cbfb477c1bf82d1cac74a9ee8ebdabc4bd1a2849daadf883c1e39eb5f71e6be29f8336cbe3eff828d7c61f11cffbd5f0be9769a4da1ea10baa97c7eb480fb460b758208e345545450815780a00e83daa519c0cf5a052d00273daab5d69f05fc2d15cc31cf137052450ca47d08ab5450079aeb1fb36fc2ef1048f26a1e01f0fdccac4b33b69f1e493d49200ac6ff863df82fd4fc37f0f93dffd0d6bd8e8a00f1fb4fd90fe0dd8cde6c3f0e3c3caf9cffc7921fe62bbcf0ffc39f0c784d51746d034dd2c20c2fd96d5108fc40ae928a0066c3b403f8d387414b4500145145001451450014514500145145001451450014514500145145001451450014514500145145001451450014514500155ef97ccb595719ca91fa558a63676b7a7ff005a803cc705540ee2bf36bf695b3ff843ff00e0a016778ae4278834c84386181909b7ff0064afd299b89a41fed1fe75f9cfff000515921d2ff695f845a828db335bb090af5204d81fa1a68efc04b931307e676cbca8fa52d0bf74515a9fb4c5de2985145148b0a28a2800a28a2800a28a2800a28a2800a28a2800a28a2800a28a2800a28a281740ae1ff647d2d7c4ff00f0519b9b87e534ad226907b108abfcdabb83f2826a87fc137747935cfdad3e2d788d143da58db7d8d663fdf7901c0fc10d4c8f91e249db0ea27e9d63229c3a0a40696a0fcc863e769f53d2be31fd833fe267f197f694d55fe691fc5cf02b37ded8af2607e4057d9d21f95be84d7c61ff0004fb1f65f88dfb475bb9cca9e3397207fbd2ff0085033ed2a5a28a0028a28a0028a28a0028a28a0028a28a0028a28a0028a28a0028a28a0028a28a0028a28a0028a28a0028a28a0028a28a0028a28a0028a28a0028a28a0028a28a00298df75bfcf6a7d31feeb1f4ff000a00f35b8ff5f27fbc7f9d7e627fc148b527bcfda83e1b582f2f6f6c9f4f9e618fe55fa7737fae93fde3fcebf32bf6e6d3feddfb6d7808483f75f6485883e8ac58d3475e0e2e588825dcf541d063a5148b8da30c0af4dc0e697218e01cd6a7edb04e30498514bd292916145145001451450014514500145145001451450014514500145145020a29769eb8e293d7b50572e84578fe559cd21e8118fe4a6b6bfe08fbfe99a27c5cd419434936ba8acfdce559bf9d737e209becfa0ea13e7e44b791b3f4535dcffc11d74d6b7f82fe32d47e522fb5c6c11d7289ce7fefa15323e07899bf711fa0382d4e142d2d41f0234ae73ef5f167eccf8f03fedd3fb407851cf9316aa2d75c8236fe3de30e47bee635f6ad7c3ff135dbe1d7fc14cbe1deb2015b7f16685369929eccc84ed1f51c5007dbe3a0a5a4a5a0028a28a0028a28a0028a28a0028a28a0028a28a0028a28a0028a28a0028a28a0028a28a0028a28a0028a28a0028a28a0028a28a0028a28a0028a28a0028a28a0029920f95be9fd29f4d65ddc7622803cd6e576dc4a3ae1c8fd6be1ff00dbcbe05f8d75bf1e783be24f80b429bc45a9e988d05cdac647dde40c027debf4324f084324ed219986e39c54371e0d8d9498a668dfe9c1fad0694e4e12e65b9f8e579f1e3e22f826e0ff00c267f0bf55d3e156c3c9044dc73ea063f5aeb7c23fb50781bc544c325fb693759da61be5d8c1bb8cf39afd40d5341961568aeadd6e60230c1d03a1fc08af0df89dfb1efc27f8b1148dabf846cadefe4c9fb769a9f669413d5b23a9aae667d0d1cf3134aca4ee8f00d3f52b4d52dd26b4b98ee616191244c181fcaacee1b720e7b7bd73fe2bff008266eb7e15792efe16fc43bcd3a752d245a7ea85bcb38ec59739fc56bc8b5cf15fc6df805308fe24f8366d47495215b55b38f726de9b8151dfaf20534fb9f4f87e23a152d1a8accf7da2b86f87ff001abc25f12214fec9d4d45c91f35a5c7c92afe1dff0aee7f03547d3d2c452acaf4e570a28a283a35ea828a28a0028a28a0028a28a0028fd68c8c673c67158be2ef19695e05d16e351d5aed2d608c672c465bd94679341139469ae69b368f0403d7b0c5666b3e27d27c3b0b4ba9ea16f6483fe7ac8327f01cd78f786352f8c7fb50ead269bf0ab40934cd04bf9726bb79f246a3382c4f3d7af19afa4be1f7fc123745b8921d4be2778d752f156a5200d35bda398a156ea42b9f988cfd2a5bec7c862b88a95393852573c03c45fb56780740dd1c37f26ab3e4811d9c45c93ed9c55483e3c78bbc416a2f7c37f09bc51aada6d0cb33da4888c08c820807208f4afd30f86ff00b1dfc1ff0084eb1b787bc0ba4c17718005e5c43e7cd91df749b883f4af61b7b082da158e38638d07645007e4052e667ced4cff001537eee88fc4bf147ed03e30b7d0752b7d77e16ebda45bcd03a7da1a29711e463277200057dadff048584c3fb2ddcce57fd7eb772ea7ae400a3fa1afa43f69c920b1f803e3bb97b759c43a55c36dd80ff0f61eb5e33ff04afd356cff00639f0c4b8cb5ddd5e4ac7fedb32f3f952b9e3e2b1b5716d3a8cfaf052d252d23802be37ff8287f85aeec23f861f1334c899aebc23e2381e774fbc2de5211cfd3207e75f64551d4f47b4d6ad1ed6feda1bcb590fcd0cea1d0e0e47047a8140162cee16eed619d08649515c11d082335353638d638d51542aa8c055180053a800a28a2800a29370146ee9c5002d14df3077e294367a74a005a28a2800a28a2800a28a2800a28a2800a28a2800a28a2800a28a2800a28a2800a28a2800a28a2800a28a2800a28a2800a28a2800a28a2800a28a2801af18914860083d8d616a9e1586ef2d0e2393eb815bf45033ce2f34db8d3dd965420671bf191c7a567df58dbea56f35add411dd59ccb8921994346e3dd0d7a8cf6b1dd2149503a9f5ae6754f0a155692d8e47f77d2816e7c4ff1bffe09d7e04f88d753eb7e1467f03f88c9322b580c5bb499ce4a7f0e4fa57c9de24f12fc4efd947c516fe1ff0089b67fdada34cdb6df5a832c9220e030271ce39c1e6bf5a26864b77db22146f715ca7c48f867e1cf8ade18bad03c51a643aa69b3ae363a85689bfbc8dc90699dd87c655c3493833e34f0c78ab4cf18e916fa9e9574975693805594f23233823b1ad5e7b8c1f4af1bf8c1fb3778dbf639d626f12f8225b8f127c3c96426ead1c1692d171b8861e8070181e7dabbbf877f11f45f895a0c7a969170ac368f36dc9f9e26c02548fc6a93b9fa6e5b9b52c647924fde4753451f518a5aa3e844a28a281051db34bfc24f615c37c5af8ada6fc2cf0ebdedcb896f64fdddadba8cb48e7d07a0ef4cc6ad685183a937b137c4ef8a1a3fc30d026d4752955a70b8b6b51cb4cfd801dfebd299fb327ec77e29fdacf5d83e21fc53f374bf074720934dd0f054dcaf5048230148c739e6ba7fd8f3f621d63e30eb56bf16fe32c72791238b8d27c373642ecce55e45f4e842f7ea79e9fa6769631595ac76f04690c31a8558e31b5540180001d2b26ee7e5b99e6d3c64b960ed1337c33e11d2bc1fa3db695a269d6ba5e9d6f1ac515bdac6111554000600e7803935b428a5a47cd8ddb460d3a8a0665788bc3963e2cd16f748d56da3bcd3af22682e2de4c959236e083f8554f03f80f43f86fe17b0f0e786f4e8749d1ac63f2aded6dc61505741450014514500145145001451450014514500666bfa8c9a3e8b7f7d15b3ddbdb42f2adbc7f7a56504851ee6bf2f7e277fc14b3e3f69fa85d0d1be13cda25889184535dd8cb3395c9c12002338c7435faa457afd7350cda7dacebb64b68641e8c80d007e4e7c3bff0082bb7c49d17528e2f1f78105e69e1bf7d71676b241222f73b48c7eb5fa13fb3cfed55e01fda53446bdf096a7e65cc481ee34e9c059e0c8fe2504f15e8779e01f0e6a2b22dd683a6ceb20218496a8739ebdab8cf871fb347c3ff84be32d67c4fe14d061d1f55d59365d341c238ce7eef41401ea745145001451450014514500145145001451450014514500145145001451450014514500145145001451450014514500145145001451450014514500145145001494b450053d434b87508caba8cff7bb8ae3356d1e5d35b046e8f3c30f4f7aefea1b8b64ba85e391432b0c5007975f585bea9653d95dc51dd5a5c2949a275dcaea4004107af19afce7fda73f655d7bf679f1249f13fe14c524da13cad26a7a1c5c8873f7982f42bc9ff0eb9fd2ed63496d26e318fdd9fba47a5665c5bc57904b05c451cd0cca6396275caba918208a66d4aaca94b9e0ecd1f9ebf0c3e27695f14bc390ea3a7ccbe66009a03f7a26c7208e78cf4fc2bb0e9d460d79afed51fb38eaff00b3478ca4f8a3f0e6191bc257737fc4db4b8412b6e58e5982f4c1c9c73fd73d4780fc75a67c40f0cda6b5a64a1e099332267985bbab7be6a93b9fa8e559ac7190509bf791d1514bd38a4aa3e8efcba3337c45af5a785f45bcd4efe40905ac4d2b6e38fa572ffb137c01befdac3e2c5c7c55f1a5ab9f0668b3ecd22d64e16e2446f97e5e842900939e4fe06b84f12e93ac7ed35f1cb45f849e1f661a5472acdac5ca64288c1c905803d3a7d6bf5f3e1bfc3dd1fe16f82749f0c6836b1d9e99a6dba4112c6b8ced500b9ff68e324d4367e6b9ee62ea55f614de88e821b55b789123554541b5428c00be82a65ced19eb40e9cf5a5a93e3fc828a28a0028a28a0028a28a0028a28a0028a28a0028a28a0028a28a0028a28a0028a28a0028a28a0028a28a0028a28a0028a28a0028a28a0028a28a0028a28a0028a28a0028a28a0028a28a0028a28a0028a28a0028a28a0028a6ee1fae2b2fc45e2ad23c23a5cda8eb5a85be99630aee927b970aaa3dcd006a6e151dcde41670b4d712a41128cb49230551f5278af887e2e7fc14b74b7d6e5f09fc15f0d5f7c4cf13b318c5cda467ec713671d464b73ec07bd721a7fecbbfb487ed4c1750f8c9e3f97c0be1d9f0e9e1ad04ed9361e76bedc28e38e493401f5fcbfb517c2e5f1dd9f8362f18585e7896e9c2476166c667c9ee4a8200fc6bd4c72335e13f003f630f865fb3aa8b8f0ce8ab36b0c06fd5af4f9b70c7be1cf41ec2bdd946d503d280168a28a0028a28a00aba85826a16ef1b8ce4707d0d703a858c9a75c79527a901bd6bd22b375ad35750b571b4798a32ad401e67ace8b65e22d26f34dd4ad96f2caf226867824fbb22918e47a8ed5f96df11bc0fa87ec51f1d858c425b9f871e229f7da330244449e53d32a4faf6afd5992268a4646fbca706bc7ff006acf83167f1cfe0c6b7a0cd129bf86337561377866452dc1c64671cfbd3474e1ebcb0f523389f3e5bcd1dc4114b1c8b24722ee4707861ed4ff009bfb8d5e2dfb2cf8dae3c47e00934bd4f7ff0068e8d29b596393865dbc0cfd3183ef5ed9f3ff00717f3aab9fb4e16b2c5518d44779ff0004a7f82b2786fe14df7c4bd62027c41e2e95a549a4fbe2dc39dbd47018fcdc7622beee5fba2b0bc19e17b3f05f84745d034f884363a65a45690c6a3184440a3f956eafdd152cfc3e52739393ea2d14514890a28a2800a28a2800a28a2800a28a2800a28a2800a28a2800a28a2800a28a2800a28a2800a28a2800a28a2800a28a2800a28a2800a28a2800a28a2800a28a2800a28a2800a28a2800a28a2800a28a2800a28a4cfb5002d4725c470ab33b84550492c70303a9ac4f1b78eb43f877e1bbed7bc43a843a66956719925b89d82a8c76193c93e95f9ebe2bf8e1f16ff6fcf13de7847e10c371e0ff0086093186fbc4f70a637ba8c36180233d40c803d79a00f68fda3ffe0a0ba17c3bd60f833e1d69f27c42f8873ee8e2b2d3f0f0c071c991c1eded5e57e19fd8b7e2cfed4da8c3e26fda23c5d7561a63b89ad3c1fa6cb8444272048060038e3b9e39afa73f66ff00d8efc05fb3669089a2590d475b906ebad6efd43dccec47cc727eee4f381eb5ee9e4fcb8c617afe3401c2fc29f815e07f82ba1c5a6783bc3f69a3dbaa8dd2469996438eace7e624f7e6bbb58c81cfae7ad3c52d001451450014514500145145001498eb9a5a280391f15e94623f6a8d7e5cf38f5ae74fddc6074fc09279fd2bd1efe0fb45a491919dc2bceee2136b23a30fbadb6819f96ff103415f80bfb6d6b9a546860d0bc5a86ee1ecbbe4259b1f4627f3af68f3a5fee2fe7517fc150bc04c3c1de13f88b611edbef0edf086775ea629086ebf5c57cf5ff0d4563ea3f31fe34ee7dd64d983a387e46cfdb4c638a75369d48f83168a28a06145145001451450014534c9b739078a370e9400ea29296800a28a2800a28a2800a28a2800a28a2800a28a2800a28a2800a28a2800a28a2800a28a2800a28a2800a28a2800a28a2800a28a2800a28a2800a28a2800a28a2800ac7f1578ab4ef06e83a86b3ab5d4765a758c4d3cf348400aaa324f3d78ad62c17afd6bf3ebf6ecf1c6b5f1d7e33784ff0066df084ed125fcc97be21b988ffa9807cc1491d06393c77c5007236169e27ff829d7c5b9af2ea5bad13e04787ae5becf6a728da9c8ae402d8c86ce32413c67bd7e89f82bc07a2fc3df0dd8685e1fd36df4bd32ce358e18205da06001938ea7dcd51f85df0cf44f845e07d27c2de1db38ecf4cd3e08e140a3972a002cdea4e324fa9aebc74a004db4b4b450014514500145145001451450014514500145145002739f6ae27c556e21d47763e575cf1eb5dbd71de307dd7d1a7fb383401e17fb52f84478dbf67ff1ce90d1acc65d39e501fa2ba72a7f215f821e74fe8df9d7f429f183558b45f855e2ebd920f3923d2ae37ae7a82a40afe7dbfe12087fe81f17fdf4691bd294a17b1fd437dea7545bfa7a1ef52afdd14ce7ea2d145140c28a28a0028a28a00f29fda7bc73e21f869f03fc53e29f0b430dc6b3a4c02e638a7ced750ea5c700ff000e6b43e00fc60d3be3c7c25f0e78d74d511c5a9db2c9241c661971878cf27a3023e98ad8f8aba6a6adf0d7c59672a2bc73e99731956e9cc67ffaf5f25ffc122eea66fd99afac647dd1d86b9750c63b6320ff00326803ee1a5a4a5a0028a28a0028a28a0028a28a0028a28a0028a28a0028a28a0028a28a0028a28a0028a28a0028a28a0028a28a0028a28a0028a28a0028a28a0028a28a0028a28a00c1f1af89ed7c15e15d635ebde2d34eb592e643ea114b63eb918fc6be1cff008266f866f3e246b9f123e3bebf189f55f136a72c16323e731c0ae4955cf41d178ec2bd1ffe0a75f10ee3c1bfb32df695a74cd16abe25bd8748b755c6583b65ff0041fad7b47eccff000bedfe107c09f05f85ade358cd9e9d0b4fb7f8a6650d213f5626803d436d2d038181d296800a28a2800a28a2800a28a2800a28a2800a28a2800a28a2800ae1fc56dbb56f5da2bb66608a58f40335e79aa5c8bad427939da58e33e99a00f29fda52f058fc06f1e5c383e5c7a44e4e3af03ffaf5fcfdf926bf78ff006d3d6a3d0bf662f8853cac42c9a7340857fbcf8503f3afc2dfb337a507650a7cc9b67f44ff00b26fc6fb5f8fdf037c35e2946537af02dbdf27194b844024e33ddb247b57b32e768cf5c57e54ff00c13d7e27bfecff00fb417883e116b371e5e85af31bad2da438549413b579c7de5c8e33d057eaa86c601fa7d6832af4a546a3848751494b41805145140051451401cafc54ba163f0d7c5770c7688b4bb9627e9131af917fe090b0c8bfb2e5cdcb8c1bad72ea4cfaf0a0feb5f42fed6bac3e83fb36fc45bd57dad1e8f380c3b1236ff5af2fff00825fe92ba4fec6be0cfdd18dee5ee6e1f23ef1699c03f901401f577d7ad2d20a5a0028a28a0028a28a0028a28a0028a28a0028a28a0028a28a0028a28a0028a28a0028a28a0028a28a0028a28a0028a28a0028a28a0028a28a0028a28a0028a28a00fcfaff00828c6cf167ed11fb3b782e62df66bad67ed6ea3a121d42ff005afd03450a8aa06001802be00ff82865a9f0e7ed23fb39f8ce6216d6df5c5b167f46322b0cfe15f7ea4998d58ab74e9fd2801dbbd88349e6af41cd79efc6cf8ede0ef807e10b8f10f8bf558b4fb5556f2a1ddfbdb871d1235ee6be2483e327ed23fb6d5f490fc34b1ff855ff000f1a4651afea0b89e78f3c1518639231f778f7a00fd1b5ba89f7047572bc90ac09152d7ce3fb30fec8b3fc03d4aff5dd5fc7baf78d7c41a847b679752b86302e793b63cf1cf7afa3680168a28a0028a28a0028a28a0028a28a0028a29acc1549270072680296b174b67a7cced90318e3debcfb9fa9eb5b7e2ad585e38b785b7203ce2b9ad5754b7d0f4bbbd46ee5582dada169a591ce0228ce73f9530ba5ab3e2bff00829f7c4211f80fc3bf0dec252da9f88f508dde15ea2253dfd32fb7f035f307fc32ada7f70d74967e209ff6a0fda57c41f10ee1246f0ee8ec6d7495906032a9210e32464f53cfa57be6d3ff003ccd3b1f7394e5aeb50f692ea7cd9fb5448da2f8abc03ae58b1b5d5a1d493cbbb8f875c32e3f2c0afda3f0addcd7de10d22e677f3279aca291df00658a024f1f5a28a4cf1f3cff007b66ed145148f9e0a28a2800a28a2803e6cff828add4b69fb1efc45685cc6c6cd1495f4322835d0fec4d6d159fec9bf0b921411a9d0addc85fef14c93f893451401ee54514500145145001451450014514500145145001451450014514500145145001451450014514500145145001451450014514500145145001451450014514500145145007c59ff05528234f80ba0ea41145f59789ac1ede7c7cd1b7998c8fc2bec0d1a692e347d3e5918b492431b337a92809fd68a2803f29fc78cdf18bfe0a54be1cf19b3788341d3e53f65d36e988823dac42fc8b807a0eb9afd5fd374eb5d2eca0b6b3b68ad6de2511c71428115540c0000e800a28a00b7d38a5a28a0028a28a0028a28a0028a28a0028a28a002b0fc4f712476642b1507ae28a28038c550aac40e715f2effc146bc45a9787bf663d55b4dbc92cdeea78e099a2382e840cae7d28a298d6e8f9dbf66fd2ed74cf847a32dac2b0894091f6ff00131504935e91b8fa9a28aa3f6cc0e98785bb1fffd9, 'Xicotencatl', 'Meneses', 'Calle1103SaPedroCholula72700', '2211572690', '2215786');
INSERT INTO `usuarios` (`id_usuario`, `nombre`, `password`, `correo`, `portada`, `apellidoAp`, `apellidoAm`, `direccion`, `celular`, `telefono`) VALUES
(2, 'Miryam', 'root12', 'Miryam@gmail.com', 0xffd8ffe000104a46494600010101004800480000ffdb0043000302020302020303030304030304050805050404050a070706080c0a0c0c0b0a0b0b0d0e12100d0e110e0b0b1016101113141515150c0f171816141812141514ffdb00430103040405040509050509140d0b0d1414141414141414141414141414141414141414141414141414141414141414141414141414141414141414141414141414ffc0001108015301f903012200021101031101ffc4001f0000010501010101010100000000000000000102030405060708090a0bffc400b5100002010303020403050504040000017d01020300041105122131410613516107227114328191a1082342b1c11552d1f02433627282090a161718191a25262728292a3435363738393a434445464748494a535455565758595a636465666768696a737475767778797a838485868788898a92939495969798999aa2a3a4a5a6a7a8a9aab2b3b4b5b6b7b8b9bac2c3c4c5c6c7c8c9cad2d3d4d5d6d7d8d9dae1e2e3e4e5e6e7e8e9eaf1f2f3f4f5f6f7f8f9faffc4001f0100030101010101010101010000000000000102030405060708090a0bffc400b51100020102040403040705040400010277000102031104052131061241510761711322328108144291a1b1c109233352f0156272d10a162434e125f11718191a262728292a35363738393a434445464748494a535455565758595a636465666768696a737475767778797a82838485868788898a92939495969798999aa2a3a4a5a6a7a8a9aab2b3b4b5b6b7b8b9bac2c3c4c5c6c7c8c9cad2d3d4d5d6d7d8d9dae2e3e4e5e6e7e8e9eaf2f3f4f5f6f7f8f9faffda000c03010002110311003f00e968a28ad4fdec28a28a0028a28a0028a28a0028a28a0028a28a0028a28a0028a28a0028c8f519c13d7b0eb47f0e4f03debc6bf680f889a869bfd9de0af0ba1b8f15ebd2adb431c6b968d5c819e3a673fcfd0d2671e2b154f0b49ce633c7bf1c6fe5f1245e0ef879a449e28f164e7023b75f3047ce08f418f7aefbc25ff04f9fda1be2cc29a878d3e205af82209be68ecad374b3a03c8dcabb40ff00beb35f5efec63fb1ee8ffb36f81e1b8bb8e2d43c6da846b36a3a938dccb210094424670093cf15f4b2c7f803d5454b3f28c5e695f1536d4ac8fccebaff008250fc48d36d9ee348f8e9753ea0bcc4b716f2c5193fed11231fd2bccbc59f0aff0069bfd9de4926d7b438bc79e1e87992fb4a7f34851d49c80e323dabf5fcc802e71c0efdab94f883f133c27f0c7449753f176bd61a2e9ea0ee96f65540c3d00fe2f4a4b439a963b1145de326cfcb6f86df1efc33f11ae0d8a79da56b0876b69f7aa52556ee3df1efcfb57a57dd049e31d7fc6bcbbf6c8f137c27fda33c49637df02b48d675cf89c9703ccbcd034e74b66507aca78c1ff6b1835b5e04fd837f691f8bba7da7fc26fe2ab3f04e8fb141855ccd76e30392a8319fab534d9f5d85e2451a76acaecd6d7be21f86bc32ac753d6aced0aff0c928c9fa0af37d7bf6baf0169194b5b9bad56707016d612413e993815f58f807fe092bf0a7c3f225cf8a2fb55f18de6017377318a366ee4aaf3c9f7afa3bc05fb2bfc28f86ab19f0f780f45b19a300098db091c63bee7c9cfe34eece4adc495a5754d58fca9b7fda17c6be2a9037853e166bda9c4ff72692093073d08c2918fc6b6e28ff006a1d6955acfe0edd5bc6c032bcb6fd41e8796fe95fb0f0e9f05ac6522862897fba88140fcaacaa61477a5767913ce3173d79ac7e425afc20fdb0f5a40d0f812c6cd18647da26850fe45f22b4f4ff00d93ff6c4f10cbb2ebfb0f408cf4925bb8c81ff007c0635fad0c8186303f1e6942617038fa7145d9ccf31c53fb6cfcb0ff87797ed4d7003bfc4ef0cc6cc33b44f3f1edfea2abdf7ec31fb59787a1df67e34f0debae3fe594772e1bff1f8947eb5fab149b7bff5a57667f5ec45efcecfc70f137ecaff00b676a3843a65baaaf1bacf50b75ddeff007aa9e97fb16fed916512dd4223576e4c326ab096fc4138afd9bdbfe7149b4fff005a8b83c7625bbf3b3f201be057ed91e19b517171e14b3d5d54731a5d5bcae7f00fd6b9fd43c6bf1e7c13f3f89fe0dea4117ef3dbdbb03efcaeeafda00985c76a8fca5e73f30ff6b9a77674c735c5c3ed5cfc5dd23f6bef0f7db3ec5e24d2754f0ddde70cb7503615bb839e783ed5eafe1bf889e1af174292693ac5addeee881f0df91afd0af88df00fc0bf14ac6683c45e18d2f546933fbcb8b652c33fed0c1af8d7e287fc12afc13757935f783f53d4bc177b9dd19b4732420fd18e40f6068bb3d7c3f11d6a7a55573136f2795000ceecf14d186e878c673dabcabc47fb35fed2df05d8cba35d5afc42d162fbab09265da3a65580e71ee6b9cd1ff6999744d5068df113c397de13d537ec2f3c44459ce0f5ed9f4e2a91f5586cf70b5ed1968cf78a5ee067b66a8e8fae69fe20b25bcd36f21bcb56fbb244e08e6b17e20fc42d23e1af876e355d5a511aa022385186e9a4eca07f9155a1ee3ad4e31e76f43a6670b1976f95579258600fc4f15cbeb1f14bc25a0c9e5dfebf636f27f74cc09fd2b83f86ff0004be367ed94ffda71093c11e0176e2770cb25cc7d8a2ff001718e7815f4cf827fe0957f0bf43b646d62cb52f125c951ba6bab9312b1c72db46719f4acf9bb1f1b8ae248d39b8d18dcf23d27e28784f5c2058f8874fb8627015675c93e9d6ba68a459903a1dc87a32f23f315d978d3fe0967f09f508a47b0b4d5bc3d29cec92d2ecba21f5c30af993e2efc14f88ff00b174d6dad59eb5278c3e1eb482391a656f36d573fc63a0e3a60d352ee3c2f1246a4946ac6d73dae8acdf0df882d3c51e1fb2d62c9c1b5bb884c9ed9038faf35a7567dac64a71528ecc4a28a291614514500145145001451450014514500145145001451450014514500145145001451450014514500145145001451450014514500145145001451450041a85d269f63737731c242a6439e980b9ac8ff8267fc384f8d9f183c63f1875d0b74ba3cc6c34986519f299b27781d385c8ebfc46a0f89931b7f87fe21901e56c9d813f4c57afff00c1239acb41fd96f55d52ea686d613ab4f24f34ac1422a81cb13d060d4c8f82e26ad28ca34d6c7de2169d5c4fc37f8d1e0bf8b69a9378435eb6d7a2d36516f732da92511fd33dfa576f507c09e45fb4749f1524f06c367f0923b05f10dddcac12df6a2e0476709fbd20523e623d2bc93c2bff0004f3f0ceb5a9db788fe2e6bda9fc54f140db248faacecb648f8cb0481485db9ce0366beb3f28eecf1d73c7ad48bf7450073de13f87fe1df02e9e963a0689a7e8f689f762b2b64897dbee8ade58f6f1d3d715251400ddb4b83da968a60336b53a968a42b5828a28a06145145001451450014dda79a751400ddb4d68c4808650cbef5251401cfea7e1782e373c2ab149ed9c1af27f8b1f04fc31f13b439f45f18e876faa5b48311cd246bbe33eaad8fe99f7af77e6aadfe9b16a3098e55c8eded4ee07e4dfc53fd887c7dfb3fdddc789fe10ea736bfa1c6e5ee741b96fde221c938cf0401df39e2b9afd92fe15ea7fb6ff00c6a4d77c556bf63f05785550cd6a0fcb2dc06cf963b302d9cfb7ad7e997c61f03ebfa87807c45a77873636a975632c168cedb4798cb8009eb8fc2b97fd88bf67593f667f817a6f87b501137886f09bcd49e362c3ce603e4ce06428e283afeb55b93d9f3687bde9ba4dbe8fa7dbd959411dadadba2c71c30a854550300003a00055c543b46704fd2923903a8c1e7a53e91c84535b25c4663914321ed5e21fb447c3487c65f0cbc55e1d922f36df50b197646c72a240bf21fe55eeb5c878d245924861f660df4239ff00d04d31799f911fb1eeb525dfc3fd4345ba6669749bc684eeedc9e057bc9e0e2be77fd985638fc75f13e3b66ff435d5e5f2ff00efe357d0ff00ad5a3f62c9e6e5838dc28a28a67b414514500145145001451450014514500145145001451450014514500145145001451450014514500145145001451450014514500145145020a5f419f98ff0f7fad21f95493c0ac3f1a78c74cf03787eeb55d52e238ad624661b8e0c8c3a2afad333a95234e3cf27a238efda4bc491786be10eb8d2bf973dd27d9a203ab13dbf2ae3bf635f833f18ff00691f8676de02b7d4a7f08fc2186ea4bdbdbe8d591efd9b831a9032df8902bb1fd99ff669f11fedc1e315f1af8d525d1fe1969d3e6cb4fda47db8839c0f6f56f7e3dff597c33e17d2fc21a259691a358c1a6e9b69188a1b6b64d88aa0600c7d0564ddcfca339c7471b5f9a3b2392f825f02fc27f003c176fe1af08e9c963648034b27fcb49e40002ee7b93d7f1af42a07414b48f0028a28a0028a28a0028a28a0028a28a0028a28a0028a28a0028a28a0028a28a0028a28a0028a28a0066d24f3c8f5aad796ad3185831558c925477ab949ce7da8032ac19c5c32b0c16563ec3e6ad6a8da2e49500363152500359c2824f41d6bc0bf697f8a36ff000dfe18f8bfc4f3ceb0c763672240c48cb4cca5502faf5af60f146a82c2d4c48c04920666c9030a3a939afca1fdb63e372fed05f17344f83de18be49f42b1ba0fa94f1b80934a3a8ce790391f5a68d29c1d49a82ea739fb22f87e6b2f87f77addec7b2eb58bb7ba663d59739cfe39af72e0703a76aa3a36916da0e8f63a7daaecb5b68d628ba630001ce3bf157bea307d2b4b1fb460a97d5e846905145141de14514500145145001451450014514500145145001451450014514500145145001451450014514500145145001451450014514500145147703b938a626ec50f106b769e19d22e354d425105a5b217766e9d322bce3f670f807adfeddbf109fc4be226974df863a3cd88a0e47db595880a074edf373ebef9e2be356a5ab7c61f895e1ef841e180cf26a1322df34793b417c92719e807e9ef5fb09f083e17691f077e1ce85e12d1208e1b1d36d63872ab83238037c8deec727f1acd9f9c67b994a553d8537a237bc37e18d3bc27a1d9e8fa4d941a769b6712c105bdbae111140000fc00ad65ced19183452d49f18145145001451450014514500145145001451450014514500145145001451450014514500145145001451450014514500145145007c61fb5b78a3e277c42f105cfc35f861a44b6325d009ac78a2f17cb82d2dcf0446c792d8f41f8d7cdff001b3fe09e96bf0cbe0dd9f88bc0779757de3af0e96bebcbb6625f505ce5f8e7a73fe739fd4bd63438b548c642ac8390d8cfe7eb5c45ed835b4af6f3a070372007ee95230c0fa8341519383e65d0fcdaf823f142dfe29f8352f0a2c3a8c2be4dd45d0ac83f8b1dabd0febc9af1bfda5be1ddcfec95f1f21f17689014f02f89e426e6340764133312c08c60724e39e95eb7a7dfdbea96305dda4a27b79e31246ebcee53dead3b9face4f8f8e2e9a849fbc8b14529e09149547bfea145145030a28a2800a28a2800a28a2800a28a2800a28a2800a28a2800a28a2800a28a2800a28a2800a28a2800a28a2800a28a2813db40ae77e20f8c2dfc0be0fd4b59b860bf66899933d4b74503f1ae8ff880ee6bc17e206977ff00b437c73f08fc25d1f325a35c2cda9b2e4048c125b7100f4193f5c526ec7999a6256130eddf567d25ff0004b7fd9fe5b8b3d4fe37789a2dfadebcf22e9eb2024c509392fc8e32318c76afd145ced19eb58de11f0b587827c33a5e83a5c0b6fa769d6f1dac11a8c6111428fc702b6474a83f1b949ce4e4fa8b4514522028a28a0028a28a0028a28a0028a28a0028a28a0028a28a0028a28a0028a28a0028a28a0028a28a0028a28a0028a28a0028a28a002b275ed2d751b66c00b22f20fae2b5a9b8ce73401f3cfc6ef847a5fc6cf86dae78435489596f6261036016866519565f4e6bf37bf679f106a9e0ed6b5ff85fe26dd06ada15c30b732f59230c570b9ea3818f635fae1e27d33ec779e6a2fc927207401abf393fe0a2df0c6e3c07e36f0c7c6ad0e164f2e64b3d5bca1c041c293ebc7527bb5347ab96e29e16bc5df43a61d28acef0f6bb6fe25d0ec754b5904d05dc2b32b2fb8071fad697eb5a9fb1539aa91538f5128a28a4681451450014514500145145001451450014514500145145001451450014514500145145001451450014514500145145311cff008fbc530f82fc1faaeb5336059c0ce3fdec6001ef5e8dff0004a9f8333ffc239e21f8c5aec7e66b5e2599a3b532e498e00c4e464701b23a76af977f696bcbbf186b5e0ef871a706375af6a112ca8bdd378009c73ea4f1d2bf613e1c781ec7e1bf81742f0ce9912c565a5d9c36b18518c8440b93ee7159c8fccb88714eb56f649e88e936d2d2d1527c905145140051451400514514005145140051451400514514005145140051451400514514005145140051451400514514005145140051451400514514014358b317d632a10370195af0ef8c1f0e6d7e2b7c35f10f84ef9018b52b76897233b6400ec23f1fe42bdf8ae411d8d701af597d8f509a31cc4e4b28f73cff003a0a8ee7e4d7ecc3aa5ff875bc47f0eb5d1241ac7872f5e211483076862a71ed91fa8af781d05739fb60fc3fb8f867fb4d7853e22e9e8c9a3f893fe255a932f004d8f958f6e739cf5e2ba253c0c73569dcfd5321c4aad85e596e85a29692a8fa50a28a2800a28a2800a28a2800a28a2800a28a2800a28a2800a28a2800a28a2800a28a2800a28a2800a28a2800a19820cb7031927d0515c47c68f187fc20bf0cf5bd577859c42d1c39eecdf28c7eb41cf5ea2a54dd47d077ec47e0dff85f1fb676b7e369905c681e0f84c76ccfd1a63955c763cee3d7d2bf58bad7c75ff04bdf84d27c3cfd9a6c359bd81a2d4fc492b6a2cce30c6127f779fc327f115f628acd9f8a622abad5a5262d14d2db680c1ba723d45239c7514c1206ff000a76e1f4a005a28a2800a28a2800a28a2800a28a2800a28a2800a28a2800a28a2800a28a2800a28a2800a28a2800a28a2800a28a2800a28a2800a28a2800ae73c5b6265b713aae4a9e7d715d1d57bc8d66b69a36e7729a07b6a7c47ff050af065d78abf66bd5aeb4f327db745b98b57856319398ce0fe99af04f83fe3a4f88df0ff47d5d5879b22f973e3f85c0f9b3f8e6bf403c4de1fb7d7f44d5747bc1bed6ea092d644233f2b291fcebf2b7e05d9dd7c23f8a7e39f85baa3796d637523d967a3c61ced65cf505707a5523e9f87f13ec311ece5b33e83041008e07bd14ac72493d692b43f515aea14514522828a28a0028a28a0028a28a0028a28a0028a28a0028a28a0028a28a0028a28a0028a28a0028a28a04c51ce4d782fc62b1baf8c1f1a3e1efc2bb16cadf5f472dd2f38d99c9ce3b6d0df8d7bbc8c23899890a002493d873cd607fc138bc2ebf163f6a4f1ffc47bc8fceb4d057ec3a7b38fbacc4a823b70aa4f5ead52cf96e21c52a34391753f4e7c3fa15bf86f43b0d2ac63586cec608eda145e36c6aa001fa56aafdd14d5fba29d527e5db95354b6b9b9b0b88ecee45a5d321114ec9bc46dd8ed3d6be5ef1c699fb59f84eea5bbf0d6bbe0df1ae9ca4edb1bdb26b3b8233c0c8c8271df22beacdc338fce9980dfe726901f0dcdfb5dfed19f0f6dde4f1afecfad7d6302b49717ba35ffc88aa32c7073d81aafe0fff0082c17c1dd667fb3ebda76bfe169940dc6e2dd25453dc651893f957d69f1ba4923f83fe32f25b12ff0064dd6dedd63615fccecd24ad3173b831fe23904fbd007f43de11fdbd7e0478cd61165f1134c8669402b15e3185b9ec770c03f5af6fd0fc43a6f89b4e8aff0049beb7d4aca4fb9716b2ac887fe040e2bf2b3fe0971f0a7e19fc5ef84fe2ad3fc7de1ad1756ba8752516d25f22acaeac9d01ce4f3e95fa65f0c7e11f857e0df86c683e0fd262d1b490e6516f13311b8f53c93f95007634b494b40051451400514514005795fc64fda73e1dfc036b44f1b6b874992eb3e520b7794b63fdd0715ea9595ac785f49f106dfed3d32cf50dbf77ed50249b7e991401f378ff0082997ecf8467fe1337ff00c019bff89a747ff052ff00d9f24273e3468c763258cca0fd3e5e6bde07c2ff00061ff9953452475c5845ff00c4d7e707fc1653c2fa37877c1be013a4e8f65a699afe55965b5b748f2a2304741d33401f4fff00c3cf3f6770fb7fe1367cfafd826c7fe835753fe0a4dfb3eba861e3850ac4004da4c01cff00c07b57f3f796e06dfd457ee2ff00c134bc01e13f16fec95e15bfd57c39a5ea37e935d46f7175648ce76c8428cb0e78ef401e8b6bff00051cfd9fef2758a3f1dc3b9ba136d2e3ff0041aef3c0ff00b597c26f88faac7a67877c6b61a96a121c2dbc61f767d395c0fc6ba65f837e0185832f83f4146ec7fb3e21fd2b734ff0be8da395363a559d9ed5f97ecd6e8b81e8302803654ee507d69691780052d00145145001451450014514500145145001451450014d2b9a751401c0f88ad05beb1263a4833f8d7e697fc1417c2f2fc31f8ffe02f89d66be5dbea98b0be2838dcbc0cfd549fcabf513c616659629d47dde0d7c91ff000500f87a3e207ecc9e2231c3e6dee8e5753b6603e65f2ce5c0fa8fe6699bd09fb3a919f63cb2de64ba8d248c865755618f42335274e2bceff67ff157fc25df09f44bc2dba68adcc1231fbc5930b9fd2bd131b78ad0fdb30f5556a3192128a28a0e80a28a2800a28a2800a28a2800a28a2800a28a2800a28a2800a28a2800a28a2800a28a2800a28a29874393f8b1af3f867e1cebfa8a821e2b470a7fdef947ea6be88ff8252f804f85ff0065fb5d6e68b65d7886f66bc66618628ac5509f63827e8457c65fb55eb934de1bd1bc256796bbf105ec76c02ff777ff00f158afd70f84fe07b6f873f0c7c2de18b28d62b7d2b4d82d028ee563009fa93cd6723f34e23aeaa5754e3b23acda78ec29d4b4549f1e71ff0014b56f14e89e09d4eefc17a341aef88e343f65b1ba9fca8dd89ea58d7ca70f84bf6cdf8a4dbb52f15f85fe17d8b9cf976717daee514f6e1769c7fbd5f6d6dce476a6ac7b785c01f4a00f8aef3fe09f3e34f19296f1afed0be34d599f8962b22b6d0c808f986c19c03e955345ff008244fc0ed3d83de0d67527fe233de9193dcf4afb80381f2e3a707dabc33e3cfed8df0efe022a596aba849ab7896e0edb5f0fe92be7ddcedd86070a33ea4500721e1fff00826ffc0ff0aeada56a7a5e85796377a7cc93c4d1ea12aab3af42c01c1afa817cbb6b7504848d140e4f000af872dbe2c7ed63f1e1dbfe10df04695f0bb4294ee4d4bc46fbe728790c2300f38c715a2ffb0afc4df887224ff12fe3ff0088750ddcbd8e8318b28467aa820e703b71401f5c6a7e3ef0d68aa5aff5fd36cd475f3ae9171f99acfb4f8c1e07be3883c5da2c87dafe2ffe2abe6ed3bfe096df05e3904baac7af788263cbb6a5ab4ae19bb9233dcd742bff0004d9fd9f922d8be0755e3965bd9c13ff008fd007d1ba7f89349d5b06cb53b3bc07a1b79d5f3f91ad0f307bfe55f1c6afff0004baf8642e9aefc31ae78a7c1f7b9263934dd5a5c47e80062781f5aeafe0a7eceff17be0cf8e2d124f8bd378cfc05b585c586bd6fbef07f7764b939e319248a00fa7473cd2d22f0a07f5cd2d00145145007957c6cf833ad7c59b48adb4df887aff00826103120d11d51a4fc48af98fc59ff04a9d3fe20471c5e29f8bde35f10c3092d0c7a8dc4730427a9195afbc68a00fcee8ff00e08b9f0d44786f176be5fb91e501ff00a0d753a0ff00c12ed3c23a7a58787be35f8f742b08c1f2ed2c6f5638d0939240502bee8a2803e298ff00607f887a2fef341fda47c716f3a9ca9be945cafe209afa0be02fc3df1ffc3ef0fdce9fe3df1f7fc27f7265dd6f78f64b6f222ff75b04ee3efdebd528a0041c002968a2800a28a2800a28a2800a28a2800a28a2800a28a2800a28a280296ad6e2e6c264233f2922bca7c51a1c3e22f0dea9a45c26e82f2d1eda4c8e0ee5618fcf15ec2cbb9483d08c579deaf6c6d7529a3ce0024a8edd739fce9a133f24bf64e33f872e3c6de0dbb0d1cfa26a4f1f94dd55439523eb915f42e73cd78ff8e34d1f0dff006faf16d90cc567e22896f95718dcf26d663ff7d07af5f5055403d71568fd6722aded308976168a28a67d105145140c28a28a0028a28a0028a28a0028a28a0028a28a0028a28a0028a28a0028a28a0028a2947248efd6825b5157678ee91a30f891fb78fc30f0fca164b4d3dc5d4919e98553213f5f947e35fb1ca36802bf29bf611d17fe13afdbcfc61e2111896d3c3fa6491876ea2462b18c76fef57ead566cfc67329fb4c4ce414514523cc0a82eaf20b1b696e2e255820894b3c92101540ea49f4a2eafa0b3b79a79e45860854bbc8e70aaa0649fa0af843e26fc48f167edc1f116f7e197c35bc9b48f867a74fe4f887c550e54dd60e1e0848ea3208cf1401adf15bf6a2f1a7c7ef1c5efc2ff008010874818c1ac78d6504db59738758c8cee61cd7a9fc05fd8dbc09fb3fa4de21bf65f11f8be6ccb7fe26d64ee959cf2c41638419c9e2aaf8efc4df0e3fe09f7f004c9a5e9d15adbdaa88ed6cd3026bd9f6e32c490589ea4e6bf1f7f684fdbcbe28fed0b75345a9eb33693a1166f2f49d3643144173c062397206064f5f4a00fdb5f177ed71f073c0721875af885a25a48a4a9449c49c8e31f2e6b013f6fbf8025571f1274ac11c7dfff00e26bf9df6b86918b3b3393dd8e4feb4cde727fc2803fa4ef08fed59f08fc7570b0687e3ed16f676e91fda4213ff7d62bd46d6fa0be8126b79a39a2719578dc329fc4715fcb3437b25bb2b42ed13af21e33b48fcabdbfe0b7edabf15be065f432683e28bc9ec508dfa7df399a0703b6d3d3f03401fd17ee0064f029d5f2bfec43fb6e693fb577866682ead9349f17582017562a46c9063efc6339c7d6bea75e83bd002d14514005145140051451400514514005145140051451400514514005145140051451400514514005145140051451400571be30b531ddc73e386e38aecab9ef191c69e871cef02803f2ff00fe0a2da39f07fc7af857e388c6d8ae0fd8a6907a87e87fe025abb18e4f3230dd32a1bf315d8ffc14bfc143c4bfb375d6a902a9bcf0edfc77d13f754380fd07d6bc9be14f8897c5bf0fbc3fa997ded35aa163fed05008fceae27df70cd65674d9d55140ce067ad1547de851451400514514005145140051451400514514005145140051451400514514005145140056578ab584d07c3fa8ea2edb52da06909fa03c7d735ab5e41fb54788bfb0fe10ea3046db66bf916040bd4926933871b53d9509499f427fc1213c1b2afc39f19f8faf23ff004af10ea8638e53d4c7192587fdf6c7f2afd085fba2bc47f632f876bf0bff00665f00687e57977034d8eeae17b79d2a891ff56af6d5fba31d2a0fc56727393931d4dddc918ef834eaf30fda3fe2f59fc0df83be23f17ddb957b3b765b645c169276f9500048c9c9ce3d8d220f9dff006c5f8ade21f89df1034cfd9efe1bdc491eafab6d93c43a9dbffcc3ac89f994b0ce19876c57d33f057e0c787be047c3ed33c25e1ab6105959c415a53cbccf81b9d8f724f3f8d7867ec0ff0005effc2be03bef88be2f8da5f1ff008e643aa5fdc4b92f144e77a443232301b18ed8afac05007e507fc16ab4bd71b5af016a06473e1e10cd06cc9d8b39390cdc75c715f9704658fe75fd24fed3dfb3ce8dfb4a7c2dbff0a6ac7c976fdedadd01f343281c11ed9eb5f867f1f7f628f8a1f00b5aba8b56f0fcf7da5233795aad82b4d0c899386240041239c11401e03454b35b496f214917630ecdd7f2a67967dbf3a004db46da76d2303bd6f7857c03e21f1c6ab6fa6e83a3ddeab7d3b6d8e1b688b13f8f4a00fa7bfe097baaea3a7fed6de168ac1e511dcc32c576a9d0c606727e9c57ef40e82be00ff8267fec47aafc0cd3eefc6fe35b1169e2cbe8fcab5b390e5ade22a33bb8e09e9c67a57dfeb8da31d31c5002d14514005145140051451400514514005145140051451400514514005145140051451400514514005145140051451400561f8b2332696cdfdc706b72b3b5d8fcdd2e71ed9a00f0df8c9e0f5f1e7c29f15e8263131bed3a6876f5f9f0594fe95f9b7fb1eeb12cdf0eeef489f227d2ef648f6b75527b1fc735faacaaaf8571956183ce3ae41fd0d7e587c3bd247c39fda6fe2e783f6182dc6a524f6b1b7fcf32db94fe2aeb4d1f4391d5f658a4bb9ee59cf34519cf3456a7eb6edd028a28a420a28a2800a28a2800a28a2800a28a2800a28a2800a28a2800a28a2800a28a28105780fed0767278cfe277c2ef06c247fc4c3568da44ff0064c8abcfe1babdfabc8bc2fa68f17ffc140fe1769f9ca5895b871eca1dff00a0a991f3d9ed4e5c1cbccfd80b1b34d3ecedada21b6286258d171d00000fe556946140a68e8334ea93f2616be1bfdb59e5f8cbfb477c1bf82d1cac74a9ee8ebdabc4bd1a2849daadf883c1e39eb5f71e6be29f8336cbe3eff828d7c61f11cffbd5f0be9769a4da1ea10baa97c7eb480fb460b758208e345545450815780a00e83daa519c0cf5a052d00273daab5d69f05fc2d15cc31cf137052450ca47d08ab5450079aeb1fb36fc2ef1048f26a1e01f0fdccac4b33b69f1e493d49200ac6ff863df82fd4fc37f0f93dffd0d6bd8e8a00f1fb4fd90fe0dd8cde6c3f0e3c3caf9cffc7921fe62bbcf0ffc39f0c784d51746d034dd2c20c2fd96d5108fc40ae928a0066c3b403f8d387414b4500145145001451450014514500145145001451450014514500145145001451450014514500145145001451450014514500155ef97ccb595719ca91fa558a63676b7a7ff005a803cc705540ee2bf36bf695b3ff843ff00e0a016778ae4278834c84386181909b7ff0064afd299b89a41fed1fe75f9cfff000515921d2ff695f845a828db335bb090af5204d81fa1a68efc04b931307e676cbca8fa52d0bf74515a9fb4c5de2985145148b0a28a2800a28a2800a28a2800a28a2800a28a2800a28a2800a28a2800a28a281740ae1ff647d2d7c4ff00f0519b9b87e534ad226907b108abfcdabb83f2826a87fc137747935cfdad3e2d788d143da58db7d8d663fdf7901c0fc10d4c8f91e249db0ea27e9d63229c3a0a40696a0fcc863e769f53d2be31fd833fe267f197f694d55fe691fc5cf02b37ded8af2607e4057d9d21f95be84d7c61ff0004fb1f65f88dfb475bb9cca9e3397207fbd2ff0085033ed2a5a28a0028a28a0028a28a0028a28a0028a28a0028a28a0028a28a0028a28a0028a28a0028a28a0028a28a0028a28a0028a28a0028a28a0028a28a0028a28a0028a28a00298df75bfcf6a7d31feeb1f4ff000a00f35b8ff5f27fbc7f9d7e627fc148b527bcfda83e1b582f2f6f6c9f4f9e618fe55fa7737fae93fde3fcebf32bf6e6d3feddfb6d7808483f75f6485883e8ac58d3475e0e2e588825dcf541d063a5148b8da30c0af4dc0e697218e01cd6a7edb04e30498514bd292916145145001451450014514500145145001451450014514500145145020a29769eb8e293d7b50572e84578fe559cd21e8118fe4a6b6bfe08fbfe99a27c5cd419434936ba8acfdce559bf9d737e209becfa0ea13e7e44b791b3f4535dcffc11d74d6b7f82fe32d47e522fb5c6c11d7289ce7fefa15323e07899bf711fa0382d4e142d2d41f0234ae73ef5f167eccf8f03fedd3fb407851cf9316aa2d75c8236fe3de30e47bee635f6ad7c3ff135dbe1d7fc14cbe1deb2015b7f16685369929eccc84ed1f51c5007dbe3a0a5a4a5a0028a28a0028a28a0028a28a0028a28a0028a28a0028a28a0028a28a0028a28a0028a28a0028a28a0028a28a0028a28a0028a28a0028a28a0028a28a0028a28a0029920f95be9fd29f4d65ddc7622803cd6e576dc4a3ae1c8fd6be1ff00dbcbe05f8d75bf1e783be24f80b429bc45a9e988d05cdac647dde40c027debf4324f084324ed219986e39c54371e0d8d9498a668dfe9c1fad0694e4e12e65b9f8e579f1e3e22f826e0ff00c267f0bf55d3e156c3c9044dc73ea063f5aeb7c23fb50781bc544c325fb693759da61be5d8c1bb8cf39afd40d5341961568aeadd6e60230c1d03a1fc08af0df89dfb1efc27f8b1148dabf846cadefe4c9fb769a9f669413d5b23a9aae667d0d1cf3134aca4ee8f00d3f52b4d52dd26b4b98ee616191244c181fcaacee1b720e7b7bd73fe2bff008266eb7e15792efe16fc43bcd3a752d245a7ea85bcb38ec59739fc56bc8b5cf15fc6df805308fe24f8366d47495215b55b38f726de9b8151dfaf20534fb9f4f87e23a152d1a8accf7da2b86f87ff001abc25f12214fec9d4d45c91f35a5c7c92afe1dff0aee7f03547d3d2c452acaf4e570a28a283a35ea828a28a0028a28a0028a28a0028fd68c8c673c67158be2ef19695e05d16e351d5aed2d608c672c465bd94679341139469ae69b368f0403d7b0c5666b3e27d27c3b0b4ba9ea16f6483fe7ac8327f01cd78f786352f8c7fb50ead269bf0ab40934cd04bf9726bb79f246a3382c4f3d7af19afa4be1f7fc123745b8921d4be2778d752f156a5200d35bda398a156ea42b9f988cfd2a5bec7c862b88a95393852573c03c45fb56780740dd1c37f26ab3e4811d9c45c93ed9c55483e3c78bbc416a2f7c37f09bc51aada6d0cb33da4888c08c820807208f4afd30f86ff00b1dfc1ff0084eb1b787bc0ba4c17718005e5c43e7cd91df749b883f4af61b7b082da158e38638d07645007e4052e667ced4cff001537eee88fc4bf147ed03e30b7d0752b7d77e16ebda45bcd03a7da1a29711e463277200057dadff048584c3fb2ddcce57fd7eb772ea7ae400a3fa1afa43f69c920b1f803e3bb97b759c43a55c36dd80ff0f61eb5e33ff04afd356cff00639f0c4b8cb5ddd5e4ac7fedb32f3f952b9e3e2b1b5716d3a8cfaf052d252d23802be37ff8287f85aeec23f861f1334c899aebc23e2381e774fbc2de5211cfd3207e75f64551d4f47b4d6ad1ed6feda1bcb590fcd0cea1d0e0e47047a8140162cee16eed619d08649515c11d082335353638d638d51542aa8c055180053a800a28a2800a29370146ee9c5002d14df3077e294367a74a005a28a2800a28a2800a28a2800a28a2800a28a2800a28a2800a28a2800a28a2800a28a2800a28a2800a28a2800a28a2800a28a2800a28a2800a28a2801af18914860083d8d616a9e1586ef2d0e2393eb815bf45033ce2f34db8d3dd965420671bf191c7a567df58dbea56f35add411dd59ccb8921994346e3dd0d7a8cf6b1dd2149503a9f5ae6754f0a155692d8e47f77d2816e7c4ff1bffe09d7e04f88d753eb7e1467f03f88c9322b580c5bb499ce4a7f0e4fa57c9de24f12fc4efd947c516fe1ff0089b67fdada34cdb6df5a832c9220e030271ce39c1e6bf5a26864b77db22146f715ca7c48f867e1cf8ade18bad03c51a643aa69b3ae363a85689bfbc8dc90699dd87c655c3493833e34f0c78ab4cf18e916fa9e9574975693805594f23233823b1ad5e7b8c1f4af1bf8c1fb3778dbf639d626f12f8225b8f127c3c96426ead1c1692d171b8861e8070181e7dabbbf877f11f45f895a0c7a969170ac368f36dc9f9e26c02548fc6a93b9fa6e5b9b52c647924fde4753451f518a5aa3e844a28a281051db34bfc24f615c37c5af8ada6fc2cf0ebdedcb896f64fdddadba8cb48e7d07a0ef4cc6ad685183a937b137c4ef8a1a3fc30d026d4752955a70b8b6b51cb4cfd801dfebd299fb327ec77e29fdacf5d83e21fc53f374bf074720934dd0f054dcaf5048230148c739e6ba7fd8f3f621d63e30eb56bf16fe32c72791238b8d27c373642ecce55e45f4e842f7ea79e9fa6769631595ac76f04690c31a8558e31b5540180001d2b26ee7e5b99e6d3c64b960ed1337c33e11d2bc1fa3db695a269d6ba5e9d6f1ac515bdac6111554000600e7803935b428a5a47cd8ddb460d3a8a0665788bc3963e2cd16f748d56da3bcd3af22682e2de4c959236e083f8554f03f80f43f86fe17b0f0e786f4e8749d1ac63f2aded6dc61505741450014514500145145001451450014514500666bfa8c9a3e8b7f7d15b3ddbdb42f2adbc7f7a56504851ee6bf2f7e277fc14b3e3f69fa85d0d1be13cda25889184535dd8cb3395c9c12002338c7435faa457afd7350cda7dacebb64b68641e8c80d007e4e7c3bff0082bb7c49d17528e2f1f78105e69e1bf7d71676b241222f73b48c7eb5fa13fb3cfed55e01fda53446bdf096a7e65cc481ee34e9c059e0c8fe2504f15e8779e01f0e6a2b22dd683a6ceb20218496a8739ebdab8cf871fb347c3ff84be32d67c4fe14d061d1f55d59365d341c238ce7eef41401ea745145001451450014514500145145001451450014514500145145001451450014514500145145001451450014514500145145001451450014514500145145001494b450053d434b87508caba8cff7bb8ae3356d1e5d35b046e8f3c30f4f7aefea1b8b64ba85e391432b0c5007975f585bea9653d95dc51dd5a5c2949a275dcaea4004107af19afce7fda73f655d7bf679f1249f13fe14c524da13cad26a7a1c5c8873f7982f42bc9ff0eb9fd2ed63496d26e318fdd9fba47a5665c5bc57904b05c451cd0cca6396275caba918208a66d4aaca94b9e0ecd1f9ebf0c3e27695f14bc390ea3a7ccbe66009a03f7a26c7208e78cf4fc2bb0e9d460d79afed51fb38eaff00b3478ca4f8a3f0e6191bc257737fc4db4b8412b6e58e5982f4c1c9c73fd73d4780fc75a67c40f0cda6b5a64a1e099332267985bbab7be6a93b9fa8e559ac7190509bf791d1514bd38a4aa3e8efcba3337c45af5a785f45bcd4efe40905ac4d2b6e38fa572ffb137c01befdac3e2c5c7c55f1a5ab9f0668b3ecd22d64e16e2446f97e5e842900939e4fe06b84f12e93ac7ed35f1cb45f849e1f661a5472acdac5ca64288c1c905803d3a7d6bf5f3e1bfc3dd1fe16f82749f0c6836b1d9e99a6dba4112c6b8ced500b9ff68e324d4367e6b9ee62ea55f614de88e821b55b789123554541b5428c00be82a65ced19eb40e9cf5a5a93e3fc828a28a0028a28a0028a28a0028a28a0028a28a0028a28a0028a28a0028a28a0028a28a0028a28a0028a28a0028a28a0028a28a0028a28a0028a28a0028a28a0028a28a0028a28a0028a28a0028a28a0028a28a0028a28a0028a6ee1fae2b2fc45e2ad23c23a5cda8eb5a85be99630aee927b970aaa3dcd006a6e151dcde41670b4d712a41128cb49230551f5278af887e2e7fc14b74b7d6e5f09fc15f0d5f7c4cf13b318c5cda467ec713671d464b73ec07bd721a7fecbbfb487ed4c1750f8c9e3f97c0be1d9f0e9e1ad04ed9361e76bedc28e38e493401f5fcbfb517c2e5f1dd9f8362f18585e7896e9c2476166c667c9ee4a8200fc6bd4c72335e13f003f630f865fb3aa8b8f0ce8ab36b0c06fd5af4f9b70c7be1cf41ec2bdd946d503d280168a28a0028a28a00aba85826a16ef1b8ce4707d0d703a858c9a75c79527a901bd6bd22b375ad35750b571b4798a32ad401e67ace8b65e22d26f34dd4ad96f2caf226867824fbb22918e47a8ed5f96df11bc0fa87ec51f1d858c425b9f871e229f7da330244449e53d32a4faf6afd5992268a4646fbca706bc7ff006acf83167f1cfe0c6b7a0cd129bf86337561377866452dc1c64671cfbd3474e1ebcb0f523389f3e5bcd1dc4114b1c8b24722ee4707861ed4ff009bfb8d5e2dfb2cf8dae3c47e00934bd4f7ff0068e8d29b596393865dbc0cfd3183ef5ed9f3ff00717f3aab9fb4e16b2c5518d44779ff0004a7f82b2786fe14df7c4bd62027c41e2e95a549a4fbe2dc39dbd47018fcdc7622beee5fba2b0bc19e17b3f05f84745d034f884363a65a45690c6a3184440a3f956eafdd152cfc3e52739393ea2d14514890a28a2800a28a2800a28a2800a28a2800a28a2800a28a2800a28a2800a28a2800a28a2800a28a2800a28a2800a28a2800a28a2800a28a2800a28a2800a28a2800a28a2800a28a2800a28a2800a28a2800a28a4cfb5002d4725c470ab33b84550492c70303a9ac4f1b78eb43f877e1bbed7bc43a843a66956719925b89d82a8c76193c93e95f9ebe2bf8e1f16ff6fcf13de7847e10c371e0ff0086093186fbc4f70a637ba8c36180233d40c803d79a00f68fda3ffe0a0ba17c3bd60f833e1d69f27c42f8873ee8e2b2d3f0f0c071c991c1eded5e57e19fd8b7e2cfed4da8c3e26fda23c5d7561a63b89ad3c1fa6cb8444272048060038e3b9e39afa73f66ff00d8efc05fb3669089a2590d475b906ebad6efd43dccec47cc727eee4f381eb5ee9e4fcb8c617afe3401c2fc29f815e07f82ba1c5a6783bc3f69a3dbaa8dd2469996438eace7e624f7e6bbb58c81cfae7ad3c52d001451450014514500145145001498eb9a5a280391f15e94623f6a8d7e5cf38f5ae74fddc6074fc09279fd2bd1efe0fb45a491919dc2bceee2136b23a30fbadb6819f96ff103415f80bfb6d6b9a546860d0bc5a86ee1ecbbe4259b1f4627f3af68f3a5fee2fe7517fc150bc04c3c1de13f88b611edbef0edf086775ea629086ebf5c57cf5ff0d4563ea3f31fe34ee7dd64d983a387e46cfdb4c638a75369d48f83168a28a06145145001451450014534c9b739078a370e9400ea29296800a28a2800a28a2800a28a2800a28a2800a28a2800a28a2800a28a2800a28a2800a28a2800a28a2800a28a2800a28a2800a28a2800a28a2800a28a2800a28a2800ac7f1578ab4ef06e83a86b3ab5d4765a758c4d3cf348400aaa324f3d78ad62c17afd6bf3ebf6ecf1c6b5f1d7e33784ff0066df084ed125fcc97be21b988ffa9807cc1491d06393c77c5007236169e27ff829d7c5b9af2ea5bad13e04787ae5becf6a728da9c8ae402d8c86ce32413c67bd7e89f82bc07a2fc3df0dd8685e1fd36df4bd32ce358e18205da06001938ea7dcd51f85df0cf44f845e07d27c2de1db38ecf4cd3e08e140a3972a002cdea4e324fa9aebc74a004db4b4b450014514500145145001451450014514500145145002739f6ae27c556e21d47763e575cf1eb5dbd71de307dd7d1a7fb383401e17fb52f84478dbf67ff1ce90d1acc65d39e501fa2ba72a7f215f821e74fe8df9d7f429f183558b45f855e2ebd920f3923d2ae37ae7a82a40afe7dbfe12087fe81f17fdf4691bd294a17b1fd437dea7545bfa7a1ef52afdd14ce7ea2d145140c28a28a0028a28a00f29fda7bc73e21f869f03fc53e29f0b430dc6b3a4c02e638a7ced750ea5c700ff000e6b43e00fc60d3be3c7c25f0e78d74d511c5a9db2c9241c661971878cf27a3023e98ad8f8aba6a6adf0d7c59672a2bc73e99731956e9cc67ffaf5f25ffc122eea66fd99afac647dd1d86b9750c63b6320ff00326803ee1a5a4a5a0028a28a0028a28a0028a28a0028a28a0028a28a0028a28a0028a28a0028a28a0028a28a0028a28a0028a28a0028a28a0028a28a0028a28a0028a28a0028a28a00c1f1af89ed7c15e15d635ebde2d34eb592e643ea114b63eb918fc6be1cff008266f866f3e246b9f123e3bebf189f55f136a72c16323e731c0ae4955cf41d178ec2bd1ffe0a75f10ee3c1bfb32df695a74cd16abe25bd8748b755c6583b65ff0041fad7b47eccff000bedfe107c09f05f85ade358cd9e9d0b4fb7f8a6650d213f5626803d436d2d038181d296800a28a2800a28a2800a28a2800a28a2800a28a2800a28a2800ae1fc56dbb56f5da2bb66608a58f40335e79aa5c8bad427939da58e33e99a00f29fda52f058fc06f1e5c383e5c7a44e4e3af03ffaf5fcfdf926bf78ff006d3d6a3d0bf662f8853cac42c9a7340857fbcf8503f3afc2dfb337a507650a7cc9b67f44ff00b26fc6fb5f8fdf037c35e2946537af02dbdf27194b844024e33ddb247b57b32e768cf5c57e54ff00c13d7e27bfecff00fb417883e116b371e5e85af31bad2da438549413b579c7de5c8e33d057eaa86c601fa7d6832af4a546a3848751494b41805145140051451401cafc54ba163f0d7c5770c7688b4bb9627e9131af917fe090b0c8bfb2e5cdcb8c1bad72ea4cfaf0a0feb5f42fed6bac3e83fb36fc45bd57dad1e8f380c3b1236ff5af2fff00825fe92ba4fec6be0cfdd18dee5ee6e1f23ef1699c03f901401f577d7ad2d20a5a0028a28a0028a28a0028a28a0028a28a0028a28a0028a28a0028a28a0028a28a0028a28a0028a28a0028a28a0028a28a0028a28a0028a28a0028a28a0028a28a00fcfaff00828c6cf167ed11fb3b782e62df66bad67ed6ea3a121d42ff005afd03450a8aa06001802be00ff82865a9f0e7ed23fb39f8ce6216d6df5c5b167f46322b0cfe15f7ea4998d58ab74e9fd2801dbbd88349e6af41cd79efc6cf8ede0ef807e10b8f10f8bf558b4fb5556f2a1ddfbdb871d1235ee6be2483e327ed23fb6d5f490fc34b1ff855ff000f1a4651afea0b89e78f3c1518639231f778f7a00fd1b5ba89f7047572bc90ac09152d7ce3fb30fec8b3fc03d4aff5dd5fc7baf78d7c41a847b679752b86302e793b63cf1cf7afa3680168a28a0028a28a0028a28a0028a28a0028a29acc1549270072680296b174b67a7cced90318e3debcfb9fa9eb5b7e2ad585e38b785b7203ce2b9ad5754b7d0f4bbbd46ee5582dada169a591ce0228ce73f9530ba5ab3e2bff00829f7c4211f80fc3bf0dec252da9f88f508dde15ea2253dfd32fb7f035f307fc32ada7f70d74967e209ff6a0fda57c41f10ee1246f0ee8ec6d7495906032a9210e32464f53cfa57be6d3ff003ccd3b1f7394e5aeb50f692ea7cd9fb5448da2f8abc03ae58b1b5d5a1d493cbbb8f875c32e3f2c0afda3f0addcd7de10d22e677f3279aca291df00658a024f1f5a28a4cf1f3cff007b66ed145148f9e0a28a2800a28a2803e6cff828add4b69fb1efc45685cc6c6cd1495f4322835d0fec4d6d159fec9bf0b921411a9d0addc85fef14c93f893451401ee54514500145145001451450014514500145145001451450014514500145145001451450014514500145145001451450014514500145145001451450014514500145145007c59ff05528234f80ba0ea41145f59789ac1ede7c7cd1b7998c8fc2bec0d1a692e347d3e5918b492431b337a92809fd68a2803f29fc78cdf18bfe0a54be1cf19b3788341d3e53f65d36e988823dac42fc8b807a0eb9afd5fd374eb5d2eca0b6b3b68ad6de2511c71428115540c0000e800a28a00b7d38a5a28a0028a28a0028a28a0028a28a0028a28a002b0fc4f712476642b1507ae28a28038c550aac40e715f2effc146bc45a9787bf663d55b4dbc92cdeea78e099a2382e840cae7d28a298d6e8f9dbf66fd2ed74cf847a32dac2b0894091f6ff00131504935e91b8fa9a28aa3f6cc0e98785bb1fffd9, 'Salazar', 'Vega', 'CalleAldea Concepción Montalvo 97 Esc. 677*Localidad27640', '2211572690', '2215786');
INSERT INTO `usuarios` (`id_usuario`, `nombre`, `password`, `correo`, `portada`, `apellidoAp`, `apellidoAm`, `direccion`, `celular`, `telefono`) VALUES
(3, 'root', 'root', 'root@pacioli', 0x0000001c667479706176696600000000617669666d6966316d696166000000ea6d657461000000000000002168646c72000000000000000070696374000000000000000000000000000000000e7069746d00000000000100000022696c6f630000000044400001000100000000010e000100000000000026430000002369696e6600000000000100000015696e6665020000000001000061763031000000006a697072700000004b6970636f00000013636f6c726e636c78000200020006800000000c6176314381010c0000000014697370650000000000000272000001a1000000107069786900000000030808080000001769706d610000000000000001000104818203840000264b6d64617412000a0a1866271d030408081a1032b24c44500041041050b467a274374f3bde6333eb44a98b5c22033ecb1225099d02cbe213e669f2383ed617e8c2b699021b4de4858a9c5edd75edee8309d49a8a1c2c4c51c6af994c6f398e6245f4cb4ca38c83e694d6e83c3d49d1e5c6141dcdfeb163ad8d6462aefb50ad9ae93ef9bb9d156bbfaa1c07cd82d48962a5aa630ee69cd2c52ed7d75972afa2291bf1ca065dc3d0fd7946f0407bf7a4c85029ea33ebe420892be00d672def22e9fb20eba14097a0bf75d0268ec74255fe5a4d3bb0e3fd1b6443aa903545a6720d3d9cb47fea05ecfd662f50a23105fc85ffec2875056b903efa5ff45bfe98ec8fc1f860c5f61916b6dee1a189d8f4057b2d031832ddd086a5728065dc9800dddd7614b89c0f655dfba1ff8b48028507eb85e57c2f7e42a18ff46fff949dff8bb22da615fd34e6975b52f620219563a2a888f4eb761b38b7e4cdd9cfdf193c8bad8c12a08d96fccfca756c37042f19e05a0f6c2e5f42681f5c8a61e1d66f5c63014d4242c5c905d6d9e913b8797fb53c5e592e3d81934fe297e0edc5439137110b4a90f2b7e56a54d52b1fefd2965f7fb63f71794210ce14503c6b2e5e2061d65d0dc8e3fe293e7a0055d905d57016a5e9fbb09e471c7caab38488035e2f945df8fde87d8611cbf569e972e932fce10ea46f56bce53de6951c573c960c574dba69cec7622bddffaa61bc160db760ed5bda5a7eec267caa93a6848b54fa7cdd6e827e9f28c53f222aa34ca609742ea8f70f1e7ba755529c7c1e27c8ed3aa5833c46ac257e55dd382e9aad48fe93e8a617eed31c0ae629719c35480a159deadef3876e8e24638af6468d6dde8868042beba4bf64c1141397a34a1c8a61b210bb7c8e660e6b0c30c51a40ebfb9380da784e4f77e51e8d4510d2d746925ec56525bc344f5447c4c948cbf6a08490455c260486bf3ff5210911b6681fca86a986dfefcd1aed62e178387fe2656a9d1d8baba5ed219bbf65499ee3545bcceb98f94986e1441ecb17d543df837e588df67f025f4bf1f4c835cce03b9c57979823e22aea963e5aac9711cdf27cb406c4a85299d814f5170414afa1a98cd5bffdea3115760aeaecf4d3ef75eede00b3d7922b0040d82c373b6471a8714a2fe06e3799ee835524375a33ff70f875cad4a895270ea2d8d7488151a208b5a2f944e71bec122c5f3c84c9089ac36aa340ebadec936c1282c9e991a9fe901044b99d8ba4f7d0c598d42435619b7f396f93db089ded49cba5b0b8507d4839651dcccd9d5c116a103de86187ebda879b03d6e1a1090eb34e17fa52f256f22bc979094e6ead3ac08a7733fc13af2ae5aac10de568984ac9b34819072b74747ae286b35e5950cd173a13fc37adee7b1777a843f729fe0e8078bb7b7a037b16455795da9311c3dd78056b28148d8a8ee91525e9e984be508a24255c2ca450a9b8f71f448f69ed4885f01de38ac05457f69e7f11d325f6223f9fd1ceb4a132c259277ebd82afd13825704598d5bdb899c60d9429eab038f5c6443769ee580011a6e9ad59b36ebdbe7f709bebc493aad567d491f720f591fde48017c55aad7282a850eb5a9fbc74e04d98c02121a0ea20fc9a01932859ad5d074135a499e81668b4d2114b7c1c80cfa8cba8f18303fa1132767ed0d7ff97c83da11698e2ad3a7d98f28d5bab4f3d053ac884a4e8a75d12f5b57b032f5409ab58ba4a368fb510583c54748d89d3057a0a98e090f132564dc03b53eaf3dd2fae22750641de742969c5173538b2f36dc133bf4c7829f502401bd0da8e517ca1e5e98502a3d464dfa3075be8ad29e3f65399c2e33063187ee1c923346bfbff8475f6b44f6554d0d5056046bae3ae91b7a96f4995941596b4e9a3da7afcdcfaa198ed778fe097844c1de51ba5f8404fb995cf874a289671a82242ae29031adb905006eaa124109bfd8a5a946995ebcd3528c8d2ea6cea427fd50ddacac59ab527d277b822d10ef1d48963910201e512ed1cbf17072f251c25c24f42c285392e9ef70db5b4137cd0d10b4322708f1e93e992670656e232b19a05657cf48a43fbb63beac58a86402d5683646a81b8e56d55c4523e87a4e710927ed242387c2127a2f3845616d16de8296e14b0a4d30353c2aea4dd56554011a886dc969ec0fffb763fef24c09fbfe15ecd8aa97a555e8ba4d3b6848b4dc5c2e84c3d456c81d0d9cbf920ee9eeafd613dbc39b11a3c6361ff7d12d40d28ba8e56f2618540af94ba7e97bcfd2b71c82ffc10741b876f34fa769144e6843990d54d91f23838225622cba37347edbf4ff06a92f8a8c0de0251cdc1b36bed1b11e30e6a69c271919270ce38e92720c6a297dcf255c8796992b8e01c4d0a3db60e1a0c4ce57fc6015803857cb635d3d549a9b0bde8a3d6bbcc97a1e0a12daa54be18ca11fcb05f109c4d200910956b984ae3d0a9df1a601c7c1687f66d8211766aa8c3234a3b225acbd3e0e25883fae73d2639595723fd7b3b2d62c50a82f692eb4c05676edea887771ed903c8a7eb7d570a08ca0718eb6a7bad479c93ee7b34282322b7236bccb2d8c364e77b9f2b1b8f19153570f128d6b0d0659a5b25facbacfb5b803b1b401ec5c4f151a30f15fb824aa9535ee869e8548c0045e338c869a97bb1ef3be13a4504cbf21bb727f3909e25dac2c10d7aed10593e1771db300700624c9a6ebd45b1bfda9f31f457e04e749ea8a44779a46e7cab75e5e599cc3cf5ff61a46d93ea1f9d5756711e0d2a376ffe6e1b91107a833f8545e2d1c08649fdd7fb3c36f8d2ddd4d3ce6cd8b1a4d0ff2bf1b046589b0059d518952249b8c95a320f4f5e7db2cebb69cc01f23b3cd23e895468c1029c97d01957d7795d107e9f80c31caacd461c944979d1d1220d9bcc55473c9444dae64bda786cc1e5c2bbf03085de31dfbe3f709042827aac5ce07d72cc5d1987376929fde57c007c1930d225918d8922949c692eb01762828c3d3b62d2fa94c41b6b002d2b86061bcfb25abe0fbe2e4c8b8265db0b8ffc49364c4ac7310837040b3f807fad19060b298e87af00d446829574f8c7cd95e3c4c80bf25fbf0cab9f9013dad4a8694529895d7a0dfa237b700204d70deb17bb82ec0146623eb9b55e01b81556c350ba504c25c6372e2c0e1faf8c37aa01afd702e6796762041d0e90190f074537322ba457939c59922d54e55a60a14e6f2447e96569aba0eae0d368fee0b9c450dfcb01b8a532b16cb65b3b0a21752dcaad2610d2f17cf7e68afd6877beeb993f5f85ed4d18fd00e5574a96a26218e0f5fea1e41f1307ed120b30d9266e10b16095008bd88cfda26147ff0402faffd1369fc2d209898eadac43957d6ee072665a89cda53a43eb2c713c1364cc42c8f6bdb861106e887234375750f85197c4e7631a64a72ec7e05fddf4b4ccadc28375ff23666cf401a73a023d50069568bc6b40f4e3c07b65ec2f0c09de53b86acec8be8a6f6d1c5d2080966a6708e611a7e112f37c03b44875be723bcfaa1808744a6b7a6b64d11cda0fb0864175bdfe7889d0b78f78b626f9fab15ce8751df4b5b7e30f6571139496a1ae5577ec3c86ad666cb5b01558801f6cd96d8967a559198356c65979040eb7158170ec7c37168d367a591b3be4d08688013dffab41b7abe6f0f0cdf547e088da110d3b76ab122c8dc7548dfe07c753cd51d1d1799efa036308a719017760bca721c78a9013beeeb70337950c055b0faa55d3f035b55b73b08d665e9cff8423d833ed8d3ef252d0c7c0b588021f02e1933d84ce6e6b085578ace4fa3ee58cf0edd684763ebbdcf7608aed80fb37c5e6c1f09447f7d2511a7916d3193cd2acea5dd3849fd939879b3ae2fb26f84fb9f0120e8e54fc6fd959f26ed10dc9d2eb43e9737ac905792d5d1cdc2ac18741da1697169a8736c6ca012fc659409dbf71401beea21fef4f93564e0d83c942d9cb67d46ec3a00e46f4a43975928cb96f3a32ade239abd5a26e99c387d3156a146442e98ec857ad64a572391081de142325245e0d7aa65df39932efa1c8d6827ba81c2f44b95dd12e20d3bd3306fd14ff20b091872a338f4e85a6f4a866e567f9e80283ad887cd6854323c135c29c7dcb2bef162a0c715245cc1d69da7abd56a1229f0423f1fc45d25f4a010799aacb53547adb7787922abeb694a4297f71d180bbf85a2497922a1f6b23d3b8c8755cc5a50052c38b1225b33cc35ad0d27f7a5ded37de197a2719bcf292748c1a352cd7a2158ce5d8034c43b3be5df236cfa1fe2ac54d3021840177c1c1d6c5c1068edf54139db24a3d21bdc75fc42946b359543719a42a9914fec9312f18f73117c3bacb583226c2c3364930b1947f5a6677526c916e68ae04842c7a0b3cd073a1dae401b630e51b8478c0d1f456ea806c59f900ee6a8ca3a821e68b2ac6d379afe967928cbcf91acc05897965b497a242e79beff4669fe13f6508e463207369a9050dc7d1ae7cabca755a5c9cc486257153173897f2f19cd453cc710fc5c69b159c76140eda81c066c6b7d4c5ddf371426aeef22bdeebd8bdcb6a08784a4b88b263f9983dd1e3f00334800368ff9e722f931b24a35ca78886612e770f8ab2b611dfa99e2feadf498387877c5a92595b3a6f3313a937cd1326cb5492f156d91866dc0597ae0e2884fd96723a66eb5f1b3e865693cdcb998d929efc34a6ea9d045265b2ffec47d80adf70b1e4d005c789013d00284a9f2a1457d5d18c310c0c68d11445c24f2f2a9fbbd8530db2489998a89cc3ee2fe617a65b877dca7c21818d30c8e25572ae074615b24034fafe12bfd2fc2e99ad208c3fdfba841b57ed0bc77fb8a3b18492a968fb70d9fcfd7987135d0ce0d45ee86303feca56b9ab6ab6e8f5e3d047324cd71e9c1c992a7a4c904849a745efa1c658d36b7dbaf7a37c65d6ae5f0e2e6a05e2f28fd7c0305a84c58b907657a02d789dafbe50895b33f48bb0fe9da755265116aaeecbee121971de43f0710c8838d1eeabd312e325d7b11472b87aa901360f78300f48ee279a16348f02ba15e0733752c7840b831f82f707b8c15fe00acd0b2a01693b17da239db727855100c18a300f80b13bdad3cc9b7ff37b5c48643f933e63c1696f04c1e3689e3803cdf52272f373e1b7a6198f18c6bcceb5d5eb48abdbd9fd2df2b9300a62c9d7db723426fa1b0cacbedf5c54396c49a39bc4132521b057a99e1a14e655577ab7911ab938e9a26b017833c4dda78885e13660558f9caeb31f272a4c1b1c620ec8390d96b97489eb7506c6cfb31787513c25e641b3a5b7d19abf63f9e43157dcfe4ecd88c7e6315b97a3fa0d9b5abe8e0eab193886743b3c86e4d36febddbfdd1609deef2475807cbd0b9845ac2069d59bfb2efa91b0baefcb2e84609af8e5c477ca5f91c414aad4aab23d59e1d2bbf80674871faec3092eff47e7a0f813913e571387f45b379669e2a847e388c6faadfd8d35f4c3d433e001116a4ccbe089b8f84bdb0137ab054fde2321409edcb2f6b555c59e7bb58a6636efdf307c5c91ae6fd166147cca3a2425e2099c2f86481596cf37a127368ab1b3d0db85153a89af2dbb19ce8877f0a5d5dc8b00b4dff290b91848544dee4d2a5bce401d0c0fb4f1d1ab46f28c0db1d685ebafac8cde7b5c435157f6a6bdb2f8484a5952b986d1158dc6b92e5e2f86959354b7b84cdf64474b6726f1c59a7b93d0832e2b9f287b1aca66a93c45dbb1a172378ad13dea0c7a96d7047d65f49149ba7ad226f6e3e8614c60abfaa837c9492e94dd165da6b7607bedb869dac5cedeb6302d2ecfe8c96624197ecabb862502a93a7fae7b281cdd33d549d8274dad94558ae9c639e301ae57a67a3c2f49f1e385d76e24f41d8a3309b3fbe3dddbf20f244fe2c36b82f6b7dbd9650013f8aff13684773d747cfd08be94faaca63167892e9eedc8bf5af6c02b4300ea539eda12857de30657425a31b5cef23c3eefaaba7d1e2cd8b807f28e0198c103f874a6952f8a45e6260b01427994299e828e515964f81bb600e6b4df49fb533fe425cfeb6d70ca33fc7f460df102daa7ea61f2bf1c1b88277216ff4ae4232d78e2550780f3f2edfe8a95ad60214d1f82a84b0564ab28fd3e749ff3381b84293431cc95747302f53e5f62db5d24f15af5bf0b4259165d2d23ebb83d6cbd9f062af49291c7a8abc2fd915d66adde6002a97c093dc3ff0cca1904162716d0b4e4c41bce2b0e402db49f9d47459e429a4c360681f85b3c693131c551c58f408fe720264d61def1dc1a6c2a925abcc6855143587a3c7309a609dc75c06ed5bd3be199d0a2c73a2238f6c6d9e995a42d829ea37a812d1823c701e9b716ab9f64c99175a676cca67cb5e5ca2291196ef7a066b76da1e19ebb81c933097a6e9aa9fefa30055155b1620adb11c37f6f9e5e5a161d84b95d48e557535e9317e90c8b49da661ce2c4c7eaa79d6d8ae5a0c7b4ef163e0be4f7de6a7234932135bc0d07dec48daa40a683b934c71f67183d2b8bd78a7b5d7f049271c3c4db8151af14a07e67e529c46cc1d0bd758c05ab3fc7a093faf165a1a6d62d2beea55932fa09c2607a4b1f22762984f49f10d77f4f6e333b407ae338d44b4577b7651768bdb4c2f683a79c7fe2f19aa9108e5f27ace13384402267b3732e4448a1b2c532628ed331c22ceef54f331e2721330a2a27b4da3702f9eace279cd7b15b1222e4645ee5c572ba9a1fecea893eea14568223c631439c083dbf0880bf89442dc393103add381e8cabcc653815fb76cca53acc406161ca9dbdaaae72bd99dfebd9dda9f72068ed92aae4b21dcb0bf4a69a7ff4438bf53b10227566537d74c3012835d1af5abd1b3e26d1db9bce699c0ecd80ae0ebe2a2485650f7061d59dc3e3ce0649f1d38da9deb35c25295c5987d67f1c8daf3c9ff81afb705e72ad7b0cdfc09ae68e0cc50147cf84cfcc782474af675a4378daf616fb0155dca8b9fb6264ee8ea8c9f53b9313a62a315cb4ff9653685029bc910d46b2ae8a31799e312446fbfba6c13d3bd0e10ceaa2ea17959bee4ca134608026e9afba097a174b35905da29da6b3b5f6bb205150e6fe09213b54bbec60e08948ebe7a66b0e30e12713d5c1498bf098372263089ba468913afed0fd6836f5a6f604c85fcbcfc25600230adbd1a49a224e7984ce03d2a4eea8b326c33221fbf48a1847092f4138825a0c953e77972c5b516dcdc7ff5db2804317fc5e71878afffd72301b484b02dedc5fff79b006d72a1410f12ab07d3ad69b8869ced411926de463affa51e3ce3f39639e381b7173abed88787a9e99350373d11717033033b2c0a15ab12edefe2bbdc72df7a62a44201068eded332d3c1eb6f71593774ea243f6fcc02fd215eb41af57000ad301f5d7d9a4ed5ba4ccef908b51e2f684d5209df082cc55b8b320bcd5896bacf6dd074fe85bad8fff32b7c6345b401fe877c420b9b7cb5ffce42ea44a095ddcd2f0ccc55e946f181958cfd5cb956282397e27bc96f4b703787afbd2b9ba15f4a62692dc1a62a3e3ab490e77c2545912bb7bb54e3617865f027ecdc952910c0524429b9335f812117a2796aba21c701fcc7e3a80cf949fec3a8a27ed1610b8d0185f446d9bb5a047bf2690115868c50df2df5a0d1c829312ddd7ed0ce59c387633171fe25630fd5a845103eda16cbd786bbf0787a9a349031a370a4043a15f8fd384d1d35b23555d63a6eb777f8d20ea5bf52b833d1fd085dc410fd0f1975325dc05f64d47f75144d965a3dd4d55ead32652098dc9420f31f98b6700460e472471d595a1323742943a8e0915be2d21f52ce2d9df1d29db1fc4f460e473a358f3930a9e0adc6e66633de14a9ce2adb7876ad1c50297032c959bd4ed649b53a8cd7c956b0f6933adf2f8c181c536d53c6351847af96030bbcb33d363139e11c49a00d954f2489a3dd82120f324ca5651616a011d9703c84d3942477ca8e2ef062a9ce0c2414acf08cd512b62672ce66bafe80a1606cfb7479b16559ac5d3ffe55eb062b70545ce186a0b12f7bf4a55bdb59faee320c2369919f483f7b1b991700fedab2c320bcf30f40f0c88de3666df0c2315602dd95d26de386c6c2d4ab9f28f34b09179e76b46825f2582a2285048639e43ee5eb9cd42ab828edbe3e6844c79a5d28919a0431eb214ea8f82233b41c294e047ad99e9c009acf2cb014f1f1698c458ca54aa76f10f5151c74f448dbd4f324bd0513a1d4b0a4f35a47337da53292bea0caad0bac133be8cd8d3a335729b54b65475a8cb6e22699270323e47da909b2ed59bdedf6de30094d052c9486410c3573ce94b3b7f64db82e8f8e4600f0d6a7f78bbd7c7cc1e36580920d473d6156603302195c482b989cbfa83a7feba81a0ee2db873ef6ea2c5bbbde07c7d4e3c13f65514a2cc6963c41141dbcf2fc6e2d49d1c3b83a544520234889bceaabbf8af4d5771cea896e0fea4b7c7718a292ecff853b6982d16fed05343ad6a9d80b7c334454cd518c33d4252aefdd83eb2e2ce63365a0371c388acae8675a4144bcf89dfba31006624ea016816bcfbec3b99ea332be1c90d1cceb0ebd269adabe46ab251beeb31199f5470663ef2678de492835cf759142b9cf4a0691e7fd645b06fcd99eebc015bcf48e746ec51687451fdde615bf5d6b2fa70ae133f9fccf7619738934b91eebe55d176959299104e259e2a95a0c2992eab38658941d00262596dfa9c8586fc3cc7fab2c6cd42a19541784a06256db644cdd3d20bc76878f461fb95190d3af6cc3f19880ee9e7b9801e6052a949356481580df5efe7a5f6dcd7e010991674fa45ad44592a8a4c45c43b737f52534005ddf9edcb413fce0346968d490ce5dfc992268e8a4ddc68a0e9a45bbbec2f440fe2a5509dd3d232ebdf8ed44e0e02d45156a1f9dc34432a4fa1a34fe81324b8d7a53b3604929424af56ef0510233e62c689cb557ec64543ef5428b41ada7257a69116a492ae220a9f4140eaf2800d3d0a6b78f185391e85eb73a07b0813580aeae718067348b24ad82da62d29e09a7c528bc924a14852ac1be38d1a1ebc37360df89cf705877dc5eba175cbb0eacfcf9c595dbddd95962521dcf6e5ceef5e11a5d3d4254c93df0dc5f2f6bc659de4bfa613125be31aa20bcf3b7b395ad087535b1adcc0ac5b8bf27c779826f54f968256dd88ad91014521d1c86cd0be8e430e817981be227e5222784b69d013621a7fe6f0d6ed61562942cbb2ff2a7de381df0b7cb040a2cf6de596be883040f7b98911cbd105bbfe3d797fb4a12bf94489c006aa52d7ffae8a95dde044277ffba8194676680e848ecd3adfb2afc59cde77ec0f932341687221856f0e1b40092de04c10d5fc861016822483f7e407ee47d516c56d05607c1d194014849fd79bbc4c7481bee8c6f937dcfacaeb056096989b29b7049c9327a10c04a53dcc6339d7b9693e1cc5af6b473c7f13127ded32a65fb26ad3689c896ac38e738f67a0ebb461b66aae536c642f73e18781beff88a0e9a9bac6604c6ef325a3ca0e31fa4b42c97e7fe2202a5f5fc740157213963e6a9bb0db58a7e98f60dc7094060bb6d8111e5cfb6b01b6a7f2c1b687abb91f8357bc8c84020c423dfc4f9adb04f785596139ab84998b384ea5cd91b1390f816d6fe6582c8d869127a2be41b2fd3719cd8c284a5a7e3252f0b932d2a254ec988109550cd3405fdb421fe2dc64af386a58d5ba78f6c02d9280a0822a5f0cae0caf984eda59c1facf18b2f22b0facbb1a9d59aa3ee04391593b6b6f44271c6250c19552d6e49d166f8d3e3978aeb9fa7fcafc3872e6c53a14ecd5d915170d146fe4729e2f79c725465e6e2f803b6d788b12112150572131c103cb5cbb61b2c9832e559fa831bea6888f05eb23c7988ab03f8674db3558c0f806261724397e54af0f8c5af5deb8461fabeff3aa6764db552b5dad77b64d17890ca1e3682ef5473a7b77e1d701e733696fa06e63f714c2e3d7d7da00386fffd712667ecd3827ea1424f555d82fba63a5571f427654d38484a0d55781215d773cde141f12d7225adf33baebdf41d3629eed8356cde20e10af4128285351b10222e238b0bfc2060568d0e772edee1795d2d2f027669d2b905df700667d30fd0d5d22f1a9320684ed731618a26b7a2d1cf6af4249ff2422ba7e4ab2196dbd3e04677d6bf562e542a1d5bbf0a2d09ef5fa832ca238da28df2219c3c81d02f076980fa41effb8ca23dc4913f60da5ac86d7dfbe515910952f1cf33af19f08410c44d201cbbe0549c81dd8edc1537d8785e43166237c415c298b71952623527145ffc7d927d31ed65852f101e1e1645e8e7257b8f70911bec8b1a97f4c6a713a68c995ebf276b8e9cb2b93357cfd48f3bdbb75c64cdcb54acab3bb33a5a27282d2e5b26279590318f28c3eedd91eb39816b2a6d58fc18c444fe7c35799ea90e51bbe65eb37867b410f2c7b83b7cb6ec4d1269067046bc7067db442abede131d23a6a47e01e34ddeb2254557fc4e3759d76b68453b0e0a463679345423effc290af59ad8c63be92028dc88434d88124e0f9003dbcfae995e2f80e6c74e8054e160254545eb286f0fcc58d754f3fa2acc9a20b3b41c559c73953264af766075b9a3c217d5a13e2fbd335f63f52aa5883dc800325acea8c8900b23956c4438cf66895b27770002a2dd5669c7490e04fe274d9781ec70ffd1dbff8ca51d5d97a4d4ef8d80891bb40bfd7b5017a9625f449c69776e817cfcdb3c9aac6ecdce5e0d22b1816fb05c2476e29fb778a52995b9e9c3ecb031c34c44c811d18528ef782716a073192831f3f5b2332d0cd076dbaa82ed2c0a7201cdbcecd1640e8cc655fe26e9e260afe8a040b4fe7c6ca30deee5b782c78a7b3df3424446e557410158bfd8d067f123a55290f068fcf2716ffdcffd469b41515a1e9c1dfe0e61c391918a351ccc3328294da914fdcb903d4c957b873f9b44bf495a60abf9f4b7716c36d421ce1c4459fc507da01c49fa7b2d04a43b3568527656cc7dd39b1497138570b757fbdc76c4a2cd1e01a15907ab0a7e38deebc7f4398a5f4340f3ae46fced296330246ae4eec3dde1df3cc89bee010f7dc6e15953d1695b3e64a37fd0a144d1c587e5c563ae9c54320d5b5fc36b4c17fa57437ae68ff04e8900192f257f805868e5f4d0e106c8802bd9d6d1a450f9debe54348c1827fc4b5befb93a53e293a7804783a660344fec9af84b069d778ab6392319069dc73e6695703dcdff261023ff2cdee3edeb4f048ab9a900369e936fb803991e022fa6fb38bc7011a67c910141b803d444a59acf1ebfe4ced9607397a2245656aea921b1c837c2010a60da9d9c0d6333b311deb5eefe8f5432618e3ba6ca4fcb2a05f4e1f1db2ba9d85df336be131ea6301e0cd36b1c0348f8ff60f5b337490e481bb84ff59b4481ae01ef45373c4d410bbcb35aacb55243efafae8705d639fa0490ddd2d9a38c9f70f02f52258c753a431bab610735122e49b7c3adc1a3ef59a9d42a3acabd7133affe597317b9ecd1ea95316d54d0089c5237a44dc167929f190d6168007d5002e57b4a8911653ed11e9ac00aa9aabcbc3bb33a460eaf775a35e9c97236d553b42f627cf93f5e5edac3bfa8674ec6eaf7c018838c77400dd109d9f472b185b5fcabcd7170b42fa0c19ca38fd5407f53634249e069f5164671c5eca1e314a27b749587f383ae59548662e1bfd6bf744f3a57c8f90dc34863f6555f733538265ee0715c959c67ea91fb123f51055d0c4088c5c1ed2870c9236b35e92294e40a01cccd0b420f0ba60cc123a30652e572851dd42ebbc73338bad25e0bdf8bed71c73d9c3698be763693ea6f53038d96835b44bfe5ca4cad22790aa33ac64a6489967bde9fa9dd56a40a9ac7b3926f8a38bced18b3a3d39f3faf6c2bd08859ac467f0e071b3591270222c40a8dfe61824c8f3ec1557c21b25cde659bf4f0dee71b4051f9b7cb37e7e62325519dc91218a95e70de73118135e76af9e318bfe0d7995251a226119c9cb1ff941fb2471c7329ef7b9a0bba225713baaab5a8bc18190fc4981cd5b8059c47521aa83cff387c166f261ea1050d905b5827bcd1b2d07cbb429feecabf8221a9ece8c79d0b71651c083e0e2d4d34114d8e4de34d07e084c37aa9ccebdfb843fb019423687960a7e0121fd88685f6fc268acd748469f2da193195c431ce8ff541838bbc03bd665334b32d622576c77537a84aa9cdea3e6a8786b17e7b16130f5f1629e431e3147957e31fee5b6d17e77abbe8f9da8f7e7cf9b60dd7c90c7003cd410f12a566639c0a3295495cf61f1ef31a59312d3ae278696226d8ee1322bfa03667cdf9a6b8c977fda6244ab245363dc2d2b712ddafb167d038e3a3b0d509dd426700ab90fdd251f98ec39b6575b565adaa2d5dce570073e1ffe8381eb73eb5f83f7c4cfe649f15ee779d6a32ab9c64a08943cff2dcf5a1744d1090870e6355c9e298d74b352c4e9a5f2ba9756ef690911a781475d5fe6c7e601ac909eaa71e2d4423a028f8a99f058e1f47b5b2bb835b9ce96ce08e9c5cf65d127e0c6d08ee7d9362ea8d4b40a34ba73ed1d21123773a05d4b93fb42c217f768a787d23e3b8d34042c3bce48ef93a678bc874c202991a50f52e41cb7c580a8fc9aae4cc98c0773851fcb2d889ba314abcddb1ec110ab7e2241933beb5983a87d5fdb42a564d276dd663a848491d886196b3b425ce867bedbbb8f3790d2cc0bae8ec2d62cb49f69507157dd12bb1b5f67446459cdbf2420904a0eb9fb528f71e659c2147614b73d6b49673dc659ee37f45ca970289959975f9fe1e5b9c49a5e54e4e2a21de79663325fdc15e0b1033968e74bfd527af29a091ead64fc1987be59f51d6b21584ec0b94249cd7ea26fa1c4c4e19fbf96f5c8b87711242512379c719133e9f726a8c6d6b2c2f4179e886b0335b2374f6a8f2171eee2daeebde3c480505acfc7bf1b331fec978c8a324c27184b8c7fc1baabbbd2635702129807e472cac2659266dd8e1fdb49bc04ef6e39a8b987ea4e0e16113814697251a24a8c81dacb0256822ffbca7ada69a51a71084345323856d77343d8affd899414c8f51c0c091dd3fd1cf0d9edcd6290423328708fe593ce1dbfcfeb206f4312131252cef08a7a96e1e9ce9538aada267c7981b973afe9c50b956ba9277bc9a274e26bdecdfe5f1770145833974d8b1f1c5a4cd0d4e92c4dbc9d677391928956b1628e958b39656f588a5abe1b2da567199a4144ac0d742afe952425a255b4e558bd682ec2276315b3c381e2b3ade1a1d1e2d97656f77f4dd4ee4a5eb98ba1b7766d75a1f0261edf8da1d9c09f9df1d399a5a838c5ecabba33d03501691c4db7bb821ce7f320f6061beab08da49534c875ae975dce28c5633f380b09c967f66494ba5010ca5f21ef592cc7cebcb56279106c821e91b465eda62758bf207507d4c74681a2f87ae04229b80d4b3bab77ae45ca6a1e198f56cdd7bddd5c20b96543e8bbeb1876e6fcc583c13f8126951373284d33cefb60e09fcaf6349418c5a3a875d38fe79fc02d8daf6f86eec781d67d8a220f17136eec62eff9eb6b1d9890d7eb4385fc8ea2bb9c35a1b2a422d16c01ba6601845faeaab083261a6e9ba483d107a739571f79ddbd469bab79cecae396fe93dc76a04f0a47340beac6d22a137d2e1310c5c5fa8413f501bbf36091c4d9191df4238b5d2d2001133d38c5e964ceaa103485ab433362617491b95ee695015381f1f3eaed5e13cbd2294c2bb5991489d786b05f446aeca8b064c032b16da89f7823a5f417e743cdca5ff777d2798b64c33c, '', '', '', '', ''),
(4, 'Adrian', 'root', 'Adrian@pacioli.com', '', '', '', '', '', ''),
(5, 'John', 'pass123', 'john@example.com', '', '', '', '', '', ''),
(6, 'Alice', 'securePwd', 'alice@email.com', '', '', '', '', '', ''),
(7, 'Bob', 'password123', 'bob@gmail.com', '', '', '', '', '', ''),
(8, 'Elena', 'elena_pass', 'elena@example.com', '', '', '', '', '', ''),
(9, 'Michael', 'mikepass', 'michael@mail.com', '', '', '', '', '', ''),
(10, 'Sophia', 'sophia123', 'sophia@gmail.com', '', '', '', '', '', ''),
(11, 'Daniel', 'daniel_pass', 'daniel@example.com', '', '', '', '', '', ''),
(12, 'Olivia', 'olivia_pwd', 'olivia@mail.com', '', '', '', '', '', ''),
(13, 'Matthew', 'matthew123', 'matthew@example.com', '', '', '', '', '', ''),
(14, 'Emma', 'emma_pass', 'emma@gmail.com', '', '', '', '', '', ''),
(15, 'David', 'david123', 'david@mail.com', '', '', '', '', '', ''),
(16, 'Mia', 'mia_pass', 'mia@example.com', '', '', '', '', '', ''),
(17, 'William', 'william123', 'william@gmail.com', '', '', '', '', '', ''),
(18, 'Ava', 'ava_pass', 'ava@mail.com', '', '', '', '', '', ''),
(23, '', '', '', '', '', '', '', '', ''),
(24, 'Looking For A World', 'rootLooking', 'root@LokingForAwork', '', 'Looking', 'World', 'Adolfo Lopez Mateos\r\n10-3\r\n72000', '258964236', '157863295'),
(25, 'NODLEHS', 'rootNODLEHS', 'root@NODLEHS', '', 'NODLEHS', 'NODLEHS', 'Avenida Cesar Galindo, 5, Hab. 1', '2458669751', '25986341');

--
-- Índices para tablas volcadas
--

--
-- Indices de la tabla `citas`
--
ALTER TABLE `citas`
  ADD PRIMARY KEY (`id_cita`),
  ADD KEY `responsable` (`responsable`,`oficina`),
  ADD KEY `oficina` (`oficina`),
  ADD KEY `usuario` (`usuario`);

--
-- Indices de la tabla `contador`
--
ALTER TABLE `contador`
  ADD PRIMARY KEY (`id_contador`),
  ADD KEY `id_usuario` (`id_usuario`);

--
-- Indices de la tabla `empresa`
--
ALTER TABLE `empresa`
  ADD PRIMARY KEY (`id_empresa`),
  ADD KEY `id_usuario` (`id_usuario`);

--
-- Indices de la tabla `mensajes`
--
ALTER TABLE `mensajes`
  ADD PRIMARY KEY (`id_mensaje`),
  ADD KEY `id_usuario` (`id_usuario`);

--
-- Indices de la tabla `oficinas`
--
ALTER TABLE `oficinas`
  ADD PRIMARY KEY (`id_oficina`);

--
-- Indices de la tabla `reuniones`
--
ALTER TABLE `reuniones`
  ADD PRIMARY KEY (`id_reunion`),
  ADD KEY `id_empresa` (`id_empresa`,`id_contador`),
  ADD KEY `id_contador` (`id_contador`);

--
-- Indices de la tabla `sugerencias`
--
ALTER TABLE `sugerencias`
  ADD PRIMARY KEY (`id_sugerencias`),
  ADD KEY `id_usuarios` (`id_usuarios`);

--
-- Indices de la tabla `usuarios`
--
ALTER TABLE `usuarios`
  ADD PRIMARY KEY (`id_usuario`);

--
-- AUTO_INCREMENT de las tablas volcadas
--

--
-- AUTO_INCREMENT de la tabla `citas`
--
ALTER TABLE `citas`
  MODIFY `id_cita` int(11) NOT NULL AUTO_INCREMENT, AUTO_INCREMENT=38;

--
-- AUTO_INCREMENT de la tabla `contador`
--
ALTER TABLE `contador`
  MODIFY `id_contador` int(11) NOT NULL AUTO_INCREMENT, AUTO_INCREMENT=4;

--
-- AUTO_INCREMENT de la tabla `empresa`
--
ALTER TABLE `empresa`
  MODIFY `id_empresa` int(11) NOT NULL AUTO_INCREMENT, AUTO_INCREMENT=3;

--
-- AUTO_INCREMENT de la tabla `mensajes`
--
ALTER TABLE `mensajes`
  MODIFY `id_mensaje` int(11) NOT NULL AUTO_INCREMENT, AUTO_INCREMENT=2;

--
-- AUTO_INCREMENT de la tabla `oficinas`
--
ALTER TABLE `oficinas`
  MODIFY `id_oficina` int(11) NOT NULL AUTO_INCREMENT, AUTO_INCREMENT=4;

--
-- AUTO_INCREMENT de la tabla `reuniones`
--
ALTER TABLE `reuniones`
  MODIFY `id_reunion` int(11) NOT NULL AUTO_INCREMENT, AUTO_INCREMENT=3;

--
-- AUTO_INCREMENT de la tabla `sugerencias`
--
ALTER TABLE `sugerencias`
  MODIFY `id_sugerencias` int(11) NOT NULL AUTO_INCREMENT, AUTO_INCREMENT=5;

--
-- AUTO_INCREMENT de la tabla `usuarios`
--
ALTER TABLE `usuarios`
  MODIFY `id_usuario` int(11) NOT NULL AUTO_INCREMENT, AUTO_INCREMENT=26;

--
-- Restricciones para tablas volcadas
--

--
-- Filtros para la tabla `citas`
--
ALTER TABLE `citas`
  ADD CONSTRAINT `citas_ibfk_2` FOREIGN KEY (`oficina`) REFERENCES `oficinas` (`id_oficina`) ON DELETE NO ACTION ON UPDATE NO ACTION,
  ADD CONSTRAINT `citas_ibfk_3` FOREIGN KEY (`responsable`) REFERENCES `contador` (`id_contador`) ON DELETE NO ACTION ON UPDATE NO ACTION,
  ADD CONSTRAINT `citas_ibfk_4` FOREIGN KEY (`usuario`) REFERENCES `usuarios` (`id_usuario`) ON DELETE NO ACTION ON UPDATE NO ACTION;

--
-- Filtros para la tabla `contador`
--
ALTER TABLE `contador`
  ADD CONSTRAINT `contador_ibfk_1` FOREIGN KEY (`id_usuario`) REFERENCES `usuarios` (`id_usuario`) ON DELETE NO ACTION ON UPDATE NO ACTION;

--
-- Filtros para la tabla `empresa`
--
ALTER TABLE `empresa`
  ADD CONSTRAINT `empresa_ibfk_1` FOREIGN KEY (`id_usuario`) REFERENCES `usuarios` (`id_usuario`) ON DELETE NO ACTION ON UPDATE NO ACTION;

--
-- Filtros para la tabla `mensajes`
--
ALTER TABLE `mensajes`
  ADD CONSTRAINT `mensajes_ibfk_1` FOREIGN KEY (`id_usuario`) REFERENCES `usuarios` (`id_usuario`) ON DELETE NO ACTION ON UPDATE NO ACTION;

--
-- Filtros para la tabla `reuniones`
--
ALTER TABLE `reuniones`
  ADD CONSTRAINT `reuniones_ibfk_1` FOREIGN KEY (`id_empresa`) REFERENCES `empresa` (`id_empresa`) ON DELETE NO ACTION ON UPDATE NO ACTION,
  ADD CONSTRAINT `reuniones_ibfk_2` FOREIGN KEY (`id_contador`) REFERENCES `contador` (`id_contador`) ON DELETE NO ACTION ON UPDATE NO ACTION;

--
-- Filtros para la tabla `sugerencias`
--
ALTER TABLE `sugerencias`
  ADD CONSTRAINT `sugerencias_ibfk_1` FOREIGN KEY (`id_usuarios`) REFERENCES `usuarios` (`id_usuario`) ON DELETE NO ACTION ON UPDATE NO ACTION;
COMMIT;

/*!40101 SET CHARACTER_SET_CLIENT=@OLD_CHARACTER_SET_CLIENT */;
/*!40101 SET CHARACTER_SET_RESULTS=@OLD_CHARACTER_SET_RESULTS */;
/*!40101 SET COLLATION_CONNECTION=@OLD_COLLATION_CONNECTION */;
